Copyright 1986-2022 Xilinx, Inc. All Rights Reserved. Copyright 2022-2025 Advanced Micro Devices, Inc. All Rights Reserved.
--------------------------------------------------------------------------------------------------------------------------------------------------
| Tool Version      : Vivado v.2025.2 (lin64) Build 6299465 Fri Nov 14 12:34:56 MST 2025
| Date              : Tue Jul 21 20:45:52 2026
| Host              : LEE running 64-bit Ubuntu 24.04.3 LTS
| Command           : report_timing_summary -delay_type max -max_paths 10 -file /home/jslee/hft-fpga/step5-board/syn/out_t2t/timing_synth.rpt
| Design            : t2t_top
| Device            : xcu55c-fsvh2892
| Speed File        : -2L  PRODUCTION 1.30 05-01-2022
| Design State      : Synthesized
| Temperature Grade : E
--------------------------------------------------------------------------------------------------------------------------------------------------

Timing Summary Report

------------------------------------------------------------------------------------------------
| Timer Settings
| --------------
------------------------------------------------------------------------------------------------

  Enable Multi Corner Analysis               :  Yes
  Enable Pessimism Removal                   :  Yes
  Pessimism Removal Resolution               :  Nearest Common Node
  Enable Input Delay Default Clock           :  No
  Enable Preset / Clear Arcs                 :  No
  Disable Flight Delays                      :  No
  Ignore I/O Paths                           :  No
  Timing Early Launch at Borrowing Latches   :  No
  Borrow Time for Max Delay Exceptions       :  Yes
  Merge Timing Exceptions                    :  Yes
  Inter-SLR Compensation                     :  Conservative

  Corner  Analyze    Analyze    
  Name    Max Paths  Min Paths  
  ------  ---------  ---------  
  Slow    Yes        Yes        
  Fast    Yes        Yes        


------------------------------------------------------------------------------------------------
| Report Methodology
| ------------------
------------------------------------------------------------------------------------------------

No report available as report_methodology has not been run prior. Run report_methodology on the current design for the summary of methodology violations.



check_timing report

Table of Contents
-----------------
1. checking no_clock (0)
2. checking constant_clock (0)
3. checking pulse_width_clock (0)
4. checking unconstrained_internal_endpoints (0)
5. checking no_input_delay (1364)
6. checking no_output_delay (1131)
7. checking multiple_clock (0)
8. checking generated_clocks (0)
9. checking loops (0)
10. checking partial_input_delay (0)
11. checking partial_output_delay (0)
12. checking latch_loops (0)

1. checking no_clock (0)
------------------------
 There are 0 register/latch pins with no clock.


2. checking constant_clock (0)
------------------------------
 There are 0 register/latch pins with constant_clock.


3. checking pulse_width_clock (0)
---------------------------------
 There are 0 register/latch pins which need pulse_width check


4. checking unconstrained_internal_endpoints (0)
------------------------------------------------
 There are 0 pins that are not constrained for maximum delay.

 There are 0 pins that are not constrained for maximum delay due to constant clock.


5. checking no_input_delay (1364)
---------------------------------
 There are 1364 input ports with no input delay specified. (HIGH)

 There are 0 input ports with no input delay but user has a false path constraint.


6. checking no_output_delay (1131)
----------------------------------
 There are 1131 ports with no output delay specified. (HIGH)

 There are 0 ports with no output delay but user has a false path constraint

 There are 0 ports with no output delay but with a timing clock defined on it or propagating through it


7. checking multiple_clock (0)
------------------------------
 There are 0 register/latch pins with multiple clocks.


8. checking generated_clocks (0)
--------------------------------
 There are 0 generated clocks that are not connected to a clock source.


9. checking loops (0)
---------------------
 There are 0 combinational loops in the design.


10. checking partial_input_delay (0)
------------------------------------
 There are 0 input ports with partial input delay specified.


11. checking partial_output_delay (0)
-------------------------------------
 There are 0 ports with partial output delay specified.


12. checking latch_loops (0)
----------------------------
 There are 0 combinational latch loops in the design through latch input



------------------------------------------------------------------------------------------------
| Design Timing Summary
| ---------------------
------------------------------------------------------------------------------------------------

    WNS(ns)      TNS(ns)  TNS Failing Endpoints  TNS Total Endpoints     WPWS(ns)     TPWS(ns)  TPWS Failing Endpoints  TPWS Total Endpoints  
    -------      -------  ---------------------  -------------------     --------     --------  ----------------------  --------------------  
     -0.156       -2.201                    134                24498        1.009        0.000                       0                 14924  


Timing constraints are not met.


------------------------------------------------------------------------------------------------
| Clock Summary
| -------------
------------------------------------------------------------------------------------------------

Clock     Waveform(ns)         Period(ns)      Frequency(MHz)
-----     ------------         ----------      --------------
cmac_clk  {0.000 1.551}        3.103           322.269         
core_clk  {0.000 2.309}        4.618           216.544         


------------------------------------------------------------------------------------------------
| Intra Clock Table
| -----------------
------------------------------------------------------------------------------------------------

Clock             WNS(ns)      TNS(ns)  TNS Failing Endpoints  TNS Total Endpoints     WPWS(ns)     TPWS(ns)  TPWS Failing Endpoints  TPWS Total Endpoints  
-----             -------      -------  ---------------------  -------------------     --------     --------  ----------------------  --------------------  
cmac_clk            1.304        0.000                      0                  313        1.009        0.000                       0                   123  
core_clk           -0.156       -2.201                    134                24185        1.609        0.000                       0                 14801  


------------------------------------------------------------------------------------------------
| Inter Clock Table
| -----------------
------------------------------------------------------------------------------------------------

From Clock    To Clock          WNS(ns)      TNS(ns)  TNS Failing Endpoints  TNS Total Endpoints  
----------    --------          -------      -------  ---------------------  -------------------  


------------------------------------------------------------------------------------------------
| Other Path Groups Table
| -----------------------
------------------------------------------------------------------------------------------------

Path Group    From Clock    To Clock          WNS(ns)      TNS(ns)  TNS Failing Endpoints  TNS Total Endpoints  
----------    ----------    --------          -------      -------  ---------------------  -------------------  


------------------------------------------------------------------------------------------------
| Timing Details
| --------------
------------------------------------------------------------------------------------------------


---------------------------------------------------------------------------------------------------
From Clock:  cmac_clk
  To Clock:  cmac_clk

Setup :            0  Failing Endpoints,  Worst Slack        1.304ns,  Total Violation        0.000ns
Hold  :           NA  Failing Endpoints,  Worst Slack           NA  ,  Total Violation           NA
PW    :            0  Failing Endpoints,  Worst Slack        1.009ns,  Total Violation        0.000ns
---------------------------------------------------------------------------------------------------


Max Delay Paths
--------------------------------------------------------------------------------------
Slack (MET) :             1.304ns  (required time - arrival time)
  Source:                 u_rx_cdc/rg_sync_q_reg[1][3]/C
                            (rising edge-triggered cell FDRE clocked by cmac_clk  {rise@0.000ns fall@1.551ns period=3.103ns})
  Destination:            u_rx_cdc/hwm_reg[0]/CE
                            (rising edge-triggered cell FDRE clocked by cmac_clk  {rise@0.000ns fall@1.551ns period=3.103ns})
  Path Group:             cmac_clk
  Path Type:              Setup (Max at Slow Process Corner)
  Requirement:            3.103ns  (cmac_clk rise@3.103ns - cmac_clk rise@0.000ns)
  Data Path Delay:        1.694ns  (logic 0.727ns (42.916%)  route 0.967ns (57.084%))
  Logic Levels:           5  (CARRY8=2 LUT4=2 LUT6=1)
  Clock Path Skew:        -0.009ns (DCD - SCD + CPR)
    Destination Clock Delay (DCD):    0.021ns = ( 3.124 - 3.103 ) 
    Source Clock Delay      (SCD):    0.030ns
    Clock Pessimism Removal (CPR):    0.000ns
  Clock Uncertainty:      0.035ns  ((TSJ^2 + TIJ^2)^1/2 + DJ) / 2 + PE
    Total System Jitter     (TSJ):    0.071ns
    Total Input Jitter      (TIJ):    0.000ns
    Discrete Jitter          (DJ):    0.000ns
    Phase Error              (PE):    0.000ns

    Location             Delay type                Incr(ns)  Path(ns)    Netlist Resource(s)
  -------------------------------------------------------------------    -------------------
                         (clock cmac_clk rise edge)
                                                      0.000     0.000 r  
                                                      0.000     0.000 r  cmac_clk (IN)
                         net (fo=122, unset)          0.030     0.030    u_rx_cdc/cmac_clk
                         FDRE                                         r  u_rx_cdc/rg_sync_q_reg[1][3]/C
  -------------------------------------------------------------------    -------------------
                         FDRE (Prop_FDRE_C_Q)         0.077     0.107 r  u_rx_cdc/rg_sync_q_reg[1][3]/Q
                         net (fo=2, unplaced)         0.154     0.261    u_rx_cdc/rg_sync_q[1]_3[3]
                         LUT6 (Prop_LUT6_I0_O)        0.150     0.411 r  u_rx_cdc/occ_w_carry_i_9/O
                         net (fo=4, unplaced)         0.197     0.608    u_rx_cdc/p_12_in
                         LUT4 (Prop_LUT4_I2_O)        0.037     0.645 r  u_rx_cdc/occ_w_carry_i_7/O
                         net (fo=1, unplaced)         0.023     0.668    u_rx_cdc/occ_w_carry_i_7_n_0
                         CARRY8 (Prop_CARRY8_S[1]_O[4])
                                                      0.204     0.872 r  u_rx_cdc/occ_w_carry/O[4]
                         net (fo=3, unplaced)         0.140     1.012    u_rx_cdc/occ_w[4]
                         LUT4 (Prop_LUT4_I0_O)        0.099     1.111 r  u_rx_cdc/hwm0_carry_i_3/O
                         net (fo=1, unplaced)         0.242     1.353    u_rx_cdc/hwm0_carry_i_3_n_0
                         CARRY8 (Prop_CARRY8_DI[2]_CO[4])
                                                      0.160     1.513 r  u_rx_cdc/hwm0_carry/CO[4]
                         net (fo=9, unplaced)         0.211     1.724    u_rx_cdc/hwm0_carry_n_3
                         FDRE                                         r  u_rx_cdc/hwm_reg[0]/CE
  -------------------------------------------------------------------    -------------------

                         (clock cmac_clk rise edge)
                                                      3.103     3.103 r  
                                                      0.000     3.103 r  cmac_clk (IN)
                         net (fo=122, unset)          0.021     3.124    u_rx_cdc/cmac_clk
                         FDRE                                         r  u_rx_cdc/hwm_reg[0]/C
                         clock pessimism              0.000     3.124    
                         clock uncertainty           -0.035     3.089    
                         FDRE (Setup_FDRE_C_CE)      -0.061     3.028    u_rx_cdc/hwm_reg[0]
  -------------------------------------------------------------------
                         required time                          3.028    
                         arrival time                          -1.724    
  -------------------------------------------------------------------
                         slack                                  1.304    

Slack (MET) :             1.304ns  (required time - arrival time)
  Source:                 u_rx_cdc/rg_sync_q_reg[1][3]/C
                            (rising edge-triggered cell FDRE clocked by cmac_clk  {rise@0.000ns fall@1.551ns period=3.103ns})
  Destination:            u_rx_cdc/hwm_reg[1]/CE
                            (rising edge-triggered cell FDRE clocked by cmac_clk  {rise@0.000ns fall@1.551ns period=3.103ns})
  Path Group:             cmac_clk
  Path Type:              Setup (Max at Slow Process Corner)
  Requirement:            3.103ns  (cmac_clk rise@3.103ns - cmac_clk rise@0.000ns)
  Data Path Delay:        1.694ns  (logic 0.727ns (42.916%)  route 0.967ns (57.084%))
  Logic Levels:           5  (CARRY8=2 LUT4=2 LUT6=1)
  Clock Path Skew:        -0.009ns (DCD - SCD + CPR)
    Destination Clock Delay (DCD):    0.021ns = ( 3.124 - 3.103 ) 
    Source Clock Delay      (SCD):    0.030ns
    Clock Pessimism Removal (CPR):    0.000ns
  Clock Uncertainty:      0.035ns  ((TSJ^2 + TIJ^2)^1/2 + DJ) / 2 + PE
    Total System Jitter     (TSJ):    0.071ns
    Total Input Jitter      (TIJ):    0.000ns
    Discrete Jitter          (DJ):    0.000ns
    Phase Error              (PE):    0.000ns

    Location             Delay type                Incr(ns)  Path(ns)    Netlist Resource(s)
  -------------------------------------------------------------------    -------------------
                         (clock cmac_clk rise edge)
                                                      0.000     0.000 r  
                                                      0.000     0.000 r  cmac_clk (IN)
                         net (fo=122, unset)          0.030     0.030    u_rx_cdc/cmac_clk
                         FDRE                                         r  u_rx_cdc/rg_sync_q_reg[1][3]/C
  -------------------------------------------------------------------    -------------------
                         FDRE (Prop_FDRE_C_Q)         0.077     0.107 r  u_rx_cdc/rg_sync_q_reg[1][3]/Q
                         net (fo=2, unplaced)         0.154     0.261    u_rx_cdc/rg_sync_q[1]_3[3]
                         LUT6 (Prop_LUT6_I0_O)        0.150     0.411 r  u_rx_cdc/occ_w_carry_i_9/O
                         net (fo=4, unplaced)         0.197     0.608    u_rx_cdc/p_12_in
                         LUT4 (Prop_LUT4_I2_O)        0.037     0.645 r  u_rx_cdc/occ_w_carry_i_7/O
                         net (fo=1, unplaced)         0.023     0.668    u_rx_cdc/occ_w_carry_i_7_n_0
                         CARRY8 (Prop_CARRY8_S[1]_O[4])
                                                      0.204     0.872 r  u_rx_cdc/occ_w_carry/O[4]
                         net (fo=3, unplaced)         0.140     1.012    u_rx_cdc/occ_w[4]
                         LUT4 (Prop_LUT4_I0_O)        0.099     1.111 r  u_rx_cdc/hwm0_carry_i_3/O
                         net (fo=1, unplaced)         0.242     1.353    u_rx_cdc/hwm0_carry_i_3_n_0
                         CARRY8 (Prop_CARRY8_DI[2]_CO[4])
                                                      0.160     1.513 r  u_rx_cdc/hwm0_carry/CO[4]
                         net (fo=9, unplaced)         0.211     1.724    u_rx_cdc/hwm0_carry_n_3
                         FDRE                                         r  u_rx_cdc/hwm_reg[1]/CE
  -------------------------------------------------------------------    -------------------

                         (clock cmac_clk rise edge)
                                                      3.103     3.103 r  
                                                      0.000     3.103 r  cmac_clk (IN)
                         net (fo=122, unset)          0.021     3.124    u_rx_cdc/cmac_clk
                         FDRE                                         r  u_rx_cdc/hwm_reg[1]/C
                         clock pessimism              0.000     3.124    
                         clock uncertainty           -0.035     3.089    
                         FDRE (Setup_FDRE_C_CE)      -0.061     3.028    u_rx_cdc/hwm_reg[1]
  -------------------------------------------------------------------
                         required time                          3.028    
                         arrival time                          -1.724    
  -------------------------------------------------------------------
                         slack                                  1.304    

Slack (MET) :             1.304ns  (required time - arrival time)
  Source:                 u_rx_cdc/rg_sync_q_reg[1][3]/C
                            (rising edge-triggered cell FDRE clocked by cmac_clk  {rise@0.000ns fall@1.551ns period=3.103ns})
  Destination:            u_rx_cdc/hwm_reg[2]/CE
                            (rising edge-triggered cell FDRE clocked by cmac_clk  {rise@0.000ns fall@1.551ns period=3.103ns})
  Path Group:             cmac_clk
  Path Type:              Setup (Max at Slow Process Corner)
  Requirement:            3.103ns  (cmac_clk rise@3.103ns - cmac_clk rise@0.000ns)
  Data Path Delay:        1.694ns  (logic 0.727ns (42.916%)  route 0.967ns (57.084%))
  Logic Levels:           5  (CARRY8=2 LUT4=2 LUT6=1)
  Clock Path Skew:        -0.009ns (DCD - SCD + CPR)
    Destination Clock Delay (DCD):    0.021ns = ( 3.124 - 3.103 ) 
    Source Clock Delay      (SCD):    0.030ns
    Clock Pessimism Removal (CPR):    0.000ns
  Clock Uncertainty:      0.035ns  ((TSJ^2 + TIJ^2)^1/2 + DJ) / 2 + PE
    Total System Jitter     (TSJ):    0.071ns
    Total Input Jitter      (TIJ):    0.000ns
    Discrete Jitter          (DJ):    0.000ns
    Phase Error              (PE):    0.000ns

    Location             Delay type                Incr(ns)  Path(ns)    Netlist Resource(s)
  -------------------------------------------------------------------    -------------------
                         (clock cmac_clk rise edge)
                                                      0.000     0.000 r  
                                                      0.000     0.000 r  cmac_clk (IN)
                         net (fo=122, unset)          0.030     0.030    u_rx_cdc/cmac_clk
                         FDRE                                         r  u_rx_cdc/rg_sync_q_reg[1][3]/C
  -------------------------------------------------------------------    -------------------
                         FDRE (Prop_FDRE_C_Q)         0.077     0.107 r  u_rx_cdc/rg_sync_q_reg[1][3]/Q
                         net (fo=2, unplaced)         0.154     0.261    u_rx_cdc/rg_sync_q[1]_3[3]
                         LUT6 (Prop_LUT6_I0_O)        0.150     0.411 r  u_rx_cdc/occ_w_carry_i_9/O
                         net (fo=4, unplaced)         0.197     0.608    u_rx_cdc/p_12_in
                         LUT4 (Prop_LUT4_I2_O)        0.037     0.645 r  u_rx_cdc/occ_w_carry_i_7/O
                         net (fo=1, unplaced)         0.023     0.668    u_rx_cdc/occ_w_carry_i_7_n_0
                         CARRY8 (Prop_CARRY8_S[1]_O[4])
                                                      0.204     0.872 r  u_rx_cdc/occ_w_carry/O[4]
                         net (fo=3, unplaced)         0.140     1.012    u_rx_cdc/occ_w[4]
                         LUT4 (Prop_LUT4_I0_O)        0.099     1.111 r  u_rx_cdc/hwm0_carry_i_3/O
                         net (fo=1, unplaced)         0.242     1.353    u_rx_cdc/hwm0_carry_i_3_n_0
                         CARRY8 (Prop_CARRY8_DI[2]_CO[4])
                                                      0.160     1.513 r  u_rx_cdc/hwm0_carry/CO[4]
                         net (fo=9, unplaced)         0.211     1.724    u_rx_cdc/hwm0_carry_n_3
                         FDRE                                         r  u_rx_cdc/hwm_reg[2]/CE
  -------------------------------------------------------------------    -------------------

                         (clock cmac_clk rise edge)
                                                      3.103     3.103 r  
                                                      0.000     3.103 r  cmac_clk (IN)
                         net (fo=122, unset)          0.021     3.124    u_rx_cdc/cmac_clk
                         FDRE                                         r  u_rx_cdc/hwm_reg[2]/C
                         clock pessimism              0.000     3.124    
                         clock uncertainty           -0.035     3.089    
                         FDRE (Setup_FDRE_C_CE)      -0.061     3.028    u_rx_cdc/hwm_reg[2]
  -------------------------------------------------------------------
                         required time                          3.028    
                         arrival time                          -1.724    
  -------------------------------------------------------------------
                         slack                                  1.304    

Slack (MET) :             1.304ns  (required time - arrival time)
  Source:                 u_rx_cdc/rg_sync_q_reg[1][3]/C
                            (rising edge-triggered cell FDRE clocked by cmac_clk  {rise@0.000ns fall@1.551ns period=3.103ns})
  Destination:            u_rx_cdc/hwm_reg[3]/CE
                            (rising edge-triggered cell FDRE clocked by cmac_clk  {rise@0.000ns fall@1.551ns period=3.103ns})
  Path Group:             cmac_clk
  Path Type:              Setup (Max at Slow Process Corner)
  Requirement:            3.103ns  (cmac_clk rise@3.103ns - cmac_clk rise@0.000ns)
  Data Path Delay:        1.694ns  (logic 0.727ns (42.916%)  route 0.967ns (57.084%))
  Logic Levels:           5  (CARRY8=2 LUT4=2 LUT6=1)
  Clock Path Skew:        -0.009ns (DCD - SCD + CPR)
    Destination Clock Delay (DCD):    0.021ns = ( 3.124 - 3.103 ) 
    Source Clock Delay      (SCD):    0.030ns
    Clock Pessimism Removal (CPR):    0.000ns
  Clock Uncertainty:      0.035ns  ((TSJ^2 + TIJ^2)^1/2 + DJ) / 2 + PE
    Total System Jitter     (TSJ):    0.071ns
    Total Input Jitter      (TIJ):    0.000ns
    Discrete Jitter          (DJ):    0.000ns
    Phase Error              (PE):    0.000ns

    Location             Delay type                Incr(ns)  Path(ns)    Netlist Resource(s)
  -------------------------------------------------------------------    -------------------
                         (clock cmac_clk rise edge)
                                                      0.000     0.000 r  
                                                      0.000     0.000 r  cmac_clk (IN)
                         net (fo=122, unset)          0.030     0.030    u_rx_cdc/cmac_clk
                         FDRE                                         r  u_rx_cdc/rg_sync_q_reg[1][3]/C
  -------------------------------------------------------------------    -------------------
                         FDRE (Prop_FDRE_C_Q)         0.077     0.107 r  u_rx_cdc/rg_sync_q_reg[1][3]/Q
                         net (fo=2, unplaced)         0.154     0.261    u_rx_cdc/rg_sync_q[1]_3[3]
                         LUT6 (Prop_LUT6_I0_O)        0.150     0.411 r  u_rx_cdc/occ_w_carry_i_9/O
                         net (fo=4, unplaced)         0.197     0.608    u_rx_cdc/p_12_in
                         LUT4 (Prop_LUT4_I2_O)        0.037     0.645 r  u_rx_cdc/occ_w_carry_i_7/O
                         net (fo=1, unplaced)         0.023     0.668    u_rx_cdc/occ_w_carry_i_7_n_0
                         CARRY8 (Prop_CARRY8_S[1]_O[4])
                                                      0.204     0.872 r  u_rx_cdc/occ_w_carry/O[4]
                         net (fo=3, unplaced)         0.140     1.012    u_rx_cdc/occ_w[4]
                         LUT4 (Prop_LUT4_I0_O)        0.099     1.111 r  u_rx_cdc/hwm0_carry_i_3/O
                         net (fo=1, unplaced)         0.242     1.353    u_rx_cdc/hwm0_carry_i_3_n_0
                         CARRY8 (Prop_CARRY8_DI[2]_CO[4])
                                                      0.160     1.513 r  u_rx_cdc/hwm0_carry/CO[4]
                         net (fo=9, unplaced)         0.211     1.724    u_rx_cdc/hwm0_carry_n_3
                         FDRE                                         r  u_rx_cdc/hwm_reg[3]/CE
  -------------------------------------------------------------------    -------------------

                         (clock cmac_clk rise edge)
                                                      3.103     3.103 r  
                                                      0.000     3.103 r  cmac_clk (IN)
                         net (fo=122, unset)          0.021     3.124    u_rx_cdc/cmac_clk
                         FDRE                                         r  u_rx_cdc/hwm_reg[3]/C
                         clock pessimism              0.000     3.124    
                         clock uncertainty           -0.035     3.089    
                         FDRE (Setup_FDRE_C_CE)      -0.061     3.028    u_rx_cdc/hwm_reg[3]
  -------------------------------------------------------------------
                         required time                          3.028    
                         arrival time                          -1.724    
  -------------------------------------------------------------------
                         slack                                  1.304    

Slack (MET) :             1.304ns  (required time - arrival time)
  Source:                 u_rx_cdc/rg_sync_q_reg[1][3]/C
                            (rising edge-triggered cell FDRE clocked by cmac_clk  {rise@0.000ns fall@1.551ns period=3.103ns})
  Destination:            u_rx_cdc/hwm_reg[4]/CE
                            (rising edge-triggered cell FDRE clocked by cmac_clk  {rise@0.000ns fall@1.551ns period=3.103ns})
  Path Group:             cmac_clk
  Path Type:              Setup (Max at Slow Process Corner)
  Requirement:            3.103ns  (cmac_clk rise@3.103ns - cmac_clk rise@0.000ns)
  Data Path Delay:        1.694ns  (logic 0.727ns (42.916%)  route 0.967ns (57.084%))
  Logic Levels:           5  (CARRY8=2 LUT4=2 LUT6=1)
  Clock Path Skew:        -0.009ns (DCD - SCD + CPR)
    Destination Clock Delay (DCD):    0.021ns = ( 3.124 - 3.103 ) 
    Source Clock Delay      (SCD):    0.030ns
    Clock Pessimism Removal (CPR):    0.000ns
  Clock Uncertainty:      0.035ns  ((TSJ^2 + TIJ^2)^1/2 + DJ) / 2 + PE
    Total System Jitter     (TSJ):    0.071ns
    Total Input Jitter      (TIJ):    0.000ns
    Discrete Jitter          (DJ):    0.000ns
    Phase Error              (PE):    0.000ns

    Location             Delay type                Incr(ns)  Path(ns)    Netlist Resource(s)
  -------------------------------------------------------------------    -------------------
                         (clock cmac_clk rise edge)
                                                      0.000     0.000 r  
                                                      0.000     0.000 r  cmac_clk (IN)
                         net (fo=122, unset)          0.030     0.030    u_rx_cdc/cmac_clk
                         FDRE                                         r  u_rx_cdc/rg_sync_q_reg[1][3]/C
  -------------------------------------------------------------------    -------------------
                         FDRE (Prop_FDRE_C_Q)         0.077     0.107 r  u_rx_cdc/rg_sync_q_reg[1][3]/Q
                         net (fo=2, unplaced)         0.154     0.261    u_rx_cdc/rg_sync_q[1]_3[3]
                         LUT6 (Prop_LUT6_I0_O)        0.150     0.411 r  u_rx_cdc/occ_w_carry_i_9/O
                         net (fo=4, unplaced)         0.197     0.608    u_rx_cdc/p_12_in
                         LUT4 (Prop_LUT4_I2_O)        0.037     0.645 r  u_rx_cdc/occ_w_carry_i_7/O
                         net (fo=1, unplaced)         0.023     0.668    u_rx_cdc/occ_w_carry_i_7_n_0
                         CARRY8 (Prop_CARRY8_S[1]_O[4])
                                                      0.204     0.872 r  u_rx_cdc/occ_w_carry/O[4]
                         net (fo=3, unplaced)         0.140     1.012    u_rx_cdc/occ_w[4]
                         LUT4 (Prop_LUT4_I0_O)        0.099     1.111 r  u_rx_cdc/hwm0_carry_i_3/O
                         net (fo=1, unplaced)         0.242     1.353    u_rx_cdc/hwm0_carry_i_3_n_0
                         CARRY8 (Prop_CARRY8_DI[2]_CO[4])
                                                      0.160     1.513 r  u_rx_cdc/hwm0_carry/CO[4]
                         net (fo=9, unplaced)         0.211     1.724    u_rx_cdc/hwm0_carry_n_3
                         FDRE                                         r  u_rx_cdc/hwm_reg[4]/CE
  -------------------------------------------------------------------    -------------------

                         (clock cmac_clk rise edge)
                                                      3.103     3.103 r  
                                                      0.000     3.103 r  cmac_clk (IN)
                         net (fo=122, unset)          0.021     3.124    u_rx_cdc/cmac_clk
                         FDRE                                         r  u_rx_cdc/hwm_reg[4]/C
                         clock pessimism              0.000     3.124    
                         clock uncertainty           -0.035     3.089    
                         FDRE (Setup_FDRE_C_CE)      -0.061     3.028    u_rx_cdc/hwm_reg[4]
  -------------------------------------------------------------------
                         required time                          3.028    
                         arrival time                          -1.724    
  -------------------------------------------------------------------
                         slack                                  1.304    

Slack (MET) :             1.304ns  (required time - arrival time)
  Source:                 u_rx_cdc/rg_sync_q_reg[1][3]/C
                            (rising edge-triggered cell FDRE clocked by cmac_clk  {rise@0.000ns fall@1.551ns period=3.103ns})
  Destination:            u_rx_cdc/hwm_reg[5]/CE
                            (rising edge-triggered cell FDRE clocked by cmac_clk  {rise@0.000ns fall@1.551ns period=3.103ns})
  Path Group:             cmac_clk
  Path Type:              Setup (Max at Slow Process Corner)
  Requirement:            3.103ns  (cmac_clk rise@3.103ns - cmac_clk rise@0.000ns)
  Data Path Delay:        1.694ns  (logic 0.727ns (42.916%)  route 0.967ns (57.084%))
  Logic Levels:           5  (CARRY8=2 LUT4=2 LUT6=1)
  Clock Path Skew:        -0.009ns (DCD - SCD + CPR)
    Destination Clock Delay (DCD):    0.021ns = ( 3.124 - 3.103 ) 
    Source Clock Delay      (SCD):    0.030ns
    Clock Pessimism Removal (CPR):    0.000ns
  Clock Uncertainty:      0.035ns  ((TSJ^2 + TIJ^2)^1/2 + DJ) / 2 + PE
    Total System Jitter     (TSJ):    0.071ns
    Total Input Jitter      (TIJ):    0.000ns
    Discrete Jitter          (DJ):    0.000ns
    Phase Error              (PE):    0.000ns

    Location             Delay type                Incr(ns)  Path(ns)    Netlist Resource(s)
  -------------------------------------------------------------------    -------------------
                         (clock cmac_clk rise edge)
                                                      0.000     0.000 r  
                                                      0.000     0.000 r  cmac_clk (IN)
                         net (fo=122, unset)          0.030     0.030    u_rx_cdc/cmac_clk
                         FDRE                                         r  u_rx_cdc/rg_sync_q_reg[1][3]/C
  -------------------------------------------------------------------    -------------------
                         FDRE (Prop_FDRE_C_Q)         0.077     0.107 r  u_rx_cdc/rg_sync_q_reg[1][3]/Q
                         net (fo=2, unplaced)         0.154     0.261    u_rx_cdc/rg_sync_q[1]_3[3]
                         LUT6 (Prop_LUT6_I0_O)        0.150     0.411 r  u_rx_cdc/occ_w_carry_i_9/O
                         net (fo=4, unplaced)         0.197     0.608    u_rx_cdc/p_12_in
                         LUT4 (Prop_LUT4_I2_O)        0.037     0.645 r  u_rx_cdc/occ_w_carry_i_7/O
                         net (fo=1, unplaced)         0.023     0.668    u_rx_cdc/occ_w_carry_i_7_n_0
                         CARRY8 (Prop_CARRY8_S[1]_O[4])
                                                      0.204     0.872 r  u_rx_cdc/occ_w_carry/O[4]
                         net (fo=3, unplaced)         0.140     1.012    u_rx_cdc/occ_w[4]
                         LUT4 (Prop_LUT4_I0_O)        0.099     1.111 r  u_rx_cdc/hwm0_carry_i_3/O
                         net (fo=1, unplaced)         0.242     1.353    u_rx_cdc/hwm0_carry_i_3_n_0
                         CARRY8 (Prop_CARRY8_DI[2]_CO[4])
                                                      0.160     1.513 r  u_rx_cdc/hwm0_carry/CO[4]
                         net (fo=9, unplaced)         0.211     1.724    u_rx_cdc/hwm0_carry_n_3
                         FDRE                                         r  u_rx_cdc/hwm_reg[5]/CE
  -------------------------------------------------------------------    -------------------

                         (clock cmac_clk rise edge)
                                                      3.103     3.103 r  
                                                      0.000     3.103 r  cmac_clk (IN)
                         net (fo=122, unset)          0.021     3.124    u_rx_cdc/cmac_clk
                         FDRE                                         r  u_rx_cdc/hwm_reg[5]/C
                         clock pessimism              0.000     3.124    
                         clock uncertainty           -0.035     3.089    
                         FDRE (Setup_FDRE_C_CE)      -0.061     3.028    u_rx_cdc/hwm_reg[5]
  -------------------------------------------------------------------
                         required time                          3.028    
                         arrival time                          -1.724    
  -------------------------------------------------------------------
                         slack                                  1.304    

Slack (MET) :             1.304ns  (required time - arrival time)
  Source:                 u_rx_cdc/rg_sync_q_reg[1][3]/C
                            (rising edge-triggered cell FDRE clocked by cmac_clk  {rise@0.000ns fall@1.551ns period=3.103ns})
  Destination:            u_rx_cdc/hwm_reg[6]/CE
                            (rising edge-triggered cell FDRE clocked by cmac_clk  {rise@0.000ns fall@1.551ns period=3.103ns})
  Path Group:             cmac_clk
  Path Type:              Setup (Max at Slow Process Corner)
  Requirement:            3.103ns  (cmac_clk rise@3.103ns - cmac_clk rise@0.000ns)
  Data Path Delay:        1.694ns  (logic 0.727ns (42.916%)  route 0.967ns (57.084%))
  Logic Levels:           5  (CARRY8=2 LUT4=2 LUT6=1)
  Clock Path Skew:        -0.009ns (DCD - SCD + CPR)
    Destination Clock Delay (DCD):    0.021ns = ( 3.124 - 3.103 ) 
    Source Clock Delay      (SCD):    0.030ns
    Clock Pessimism Removal (CPR):    0.000ns
  Clock Uncertainty:      0.035ns  ((TSJ^2 + TIJ^2)^1/2 + DJ) / 2 + PE
    Total System Jitter     (TSJ):    0.071ns
    Total Input Jitter      (TIJ):    0.000ns
    Discrete Jitter          (DJ):    0.000ns
    Phase Error              (PE):    0.000ns

    Location             Delay type                Incr(ns)  Path(ns)    Netlist Resource(s)
  -------------------------------------------------------------------    -------------------
                         (clock cmac_clk rise edge)
                                                      0.000     0.000 r  
                                                      0.000     0.000 r  cmac_clk (IN)
                         net (fo=122, unset)          0.030     0.030    u_rx_cdc/cmac_clk
                         FDRE                                         r  u_rx_cdc/rg_sync_q_reg[1][3]/C
  -------------------------------------------------------------------    -------------------
                         FDRE (Prop_FDRE_C_Q)         0.077     0.107 r  u_rx_cdc/rg_sync_q_reg[1][3]/Q
                         net (fo=2, unplaced)         0.154     0.261    u_rx_cdc/rg_sync_q[1]_3[3]
                         LUT6 (Prop_LUT6_I0_O)        0.150     0.411 r  u_rx_cdc/occ_w_carry_i_9/O
                         net (fo=4, unplaced)         0.197     0.608    u_rx_cdc/p_12_in
                         LUT4 (Prop_LUT4_I2_O)        0.037     0.645 r  u_rx_cdc/occ_w_carry_i_7/O
                         net (fo=1, unplaced)         0.023     0.668    u_rx_cdc/occ_w_carry_i_7_n_0
                         CARRY8 (Prop_CARRY8_S[1]_O[4])
                                                      0.204     0.872 r  u_rx_cdc/occ_w_carry/O[4]
                         net (fo=3, unplaced)         0.140     1.012    u_rx_cdc/occ_w[4]
                         LUT4 (Prop_LUT4_I0_O)        0.099     1.111 r  u_rx_cdc/hwm0_carry_i_3/O
                         net (fo=1, unplaced)         0.242     1.353    u_rx_cdc/hwm0_carry_i_3_n_0
                         CARRY8 (Prop_CARRY8_DI[2]_CO[4])
                                                      0.160     1.513 r  u_rx_cdc/hwm0_carry/CO[4]
                         net (fo=9, unplaced)         0.211     1.724    u_rx_cdc/hwm0_carry_n_3
                         FDRE                                         r  u_rx_cdc/hwm_reg[6]/CE
  -------------------------------------------------------------------    -------------------

                         (clock cmac_clk rise edge)
                                                      3.103     3.103 r  
                                                      0.000     3.103 r  cmac_clk (IN)
                         net (fo=122, unset)          0.021     3.124    u_rx_cdc/cmac_clk
                         FDRE                                         r  u_rx_cdc/hwm_reg[6]/C
                         clock pessimism              0.000     3.124    
                         clock uncertainty           -0.035     3.089    
                         FDRE (Setup_FDRE_C_CE)      -0.061     3.028    u_rx_cdc/hwm_reg[6]
  -------------------------------------------------------------------
                         required time                          3.028    
                         arrival time                          -1.724    
  -------------------------------------------------------------------
                         slack                                  1.304    

Slack (MET) :             1.304ns  (required time - arrival time)
  Source:                 u_rx_cdc/rg_sync_q_reg[1][3]/C
                            (rising edge-triggered cell FDRE clocked by cmac_clk  {rise@0.000ns fall@1.551ns period=3.103ns})
  Destination:            u_rx_cdc/hwm_reg[7]/CE
                            (rising edge-triggered cell FDRE clocked by cmac_clk  {rise@0.000ns fall@1.551ns period=3.103ns})
  Path Group:             cmac_clk
  Path Type:              Setup (Max at Slow Process Corner)
  Requirement:            3.103ns  (cmac_clk rise@3.103ns - cmac_clk rise@0.000ns)
  Data Path Delay:        1.694ns  (logic 0.727ns (42.916%)  route 0.967ns (57.084%))
  Logic Levels:           5  (CARRY8=2 LUT4=2 LUT6=1)
  Clock Path Skew:        -0.009ns (DCD - SCD + CPR)
    Destination Clock Delay (DCD):    0.021ns = ( 3.124 - 3.103 ) 
    Source Clock Delay      (SCD):    0.030ns
    Clock Pessimism Removal (CPR):    0.000ns
  Clock Uncertainty:      0.035ns  ((TSJ^2 + TIJ^2)^1/2 + DJ) / 2 + PE
    Total System Jitter     (TSJ):    0.071ns
    Total Input Jitter      (TIJ):    0.000ns
    Discrete Jitter          (DJ):    0.000ns
    Phase Error              (PE):    0.000ns

    Location             Delay type                Incr(ns)  Path(ns)    Netlist Resource(s)
  -------------------------------------------------------------------    -------------------
                         (clock cmac_clk rise edge)
                                                      0.000     0.000 r  
                                                      0.000     0.000 r  cmac_clk (IN)
                         net (fo=122, unset)          0.030     0.030    u_rx_cdc/cmac_clk
                         FDRE                                         r  u_rx_cdc/rg_sync_q_reg[1][3]/C
  -------------------------------------------------------------------    -------------------
                         FDRE (Prop_FDRE_C_Q)         0.077     0.107 r  u_rx_cdc/rg_sync_q_reg[1][3]/Q
                         net (fo=2, unplaced)         0.154     0.261    u_rx_cdc/rg_sync_q[1]_3[3]
                         LUT6 (Prop_LUT6_I0_O)        0.150     0.411 r  u_rx_cdc/occ_w_carry_i_9/O
                         net (fo=4, unplaced)         0.197     0.608    u_rx_cdc/p_12_in
                         LUT4 (Prop_LUT4_I2_O)        0.037     0.645 r  u_rx_cdc/occ_w_carry_i_7/O
                         net (fo=1, unplaced)         0.023     0.668    u_rx_cdc/occ_w_carry_i_7_n_0
                         CARRY8 (Prop_CARRY8_S[1]_O[4])
                                                      0.204     0.872 r  u_rx_cdc/occ_w_carry/O[4]
                         net (fo=3, unplaced)         0.140     1.012    u_rx_cdc/occ_w[4]
                         LUT4 (Prop_LUT4_I0_O)        0.099     1.111 r  u_rx_cdc/hwm0_carry_i_3/O
                         net (fo=1, unplaced)         0.242     1.353    u_rx_cdc/hwm0_carry_i_3_n_0
                         CARRY8 (Prop_CARRY8_DI[2]_CO[4])
                                                      0.160     1.513 r  u_rx_cdc/hwm0_carry/CO[4]
                         net (fo=9, unplaced)         0.211     1.724    u_rx_cdc/hwm0_carry_n_3
                         FDRE                                         r  u_rx_cdc/hwm_reg[7]/CE
  -------------------------------------------------------------------    -------------------

                         (clock cmac_clk rise edge)
                                                      3.103     3.103 r  
                                                      0.000     3.103 r  cmac_clk (IN)
                         net (fo=122, unset)          0.021     3.124    u_rx_cdc/cmac_clk
                         FDRE                                         r  u_rx_cdc/hwm_reg[7]/C
                         clock pessimism              0.000     3.124    
                         clock uncertainty           -0.035     3.089    
                         FDRE (Setup_FDRE_C_CE)      -0.061     3.028    u_rx_cdc/hwm_reg[7]
  -------------------------------------------------------------------
                         required time                          3.028    
                         arrival time                          -1.724    
  -------------------------------------------------------------------
                         slack                                  1.304    

Slack (MET) :             1.304ns  (required time - arrival time)
  Source:                 u_rx_cdc/rg_sync_q_reg[1][3]/C
                            (rising edge-triggered cell FDRE clocked by cmac_clk  {rise@0.000ns fall@1.551ns period=3.103ns})
  Destination:            u_rx_cdc/hwm_reg[8]/CE
                            (rising edge-triggered cell FDRE clocked by cmac_clk  {rise@0.000ns fall@1.551ns period=3.103ns})
  Path Group:             cmac_clk
  Path Type:              Setup (Max at Slow Process Corner)
  Requirement:            3.103ns  (cmac_clk rise@3.103ns - cmac_clk rise@0.000ns)
  Data Path Delay:        1.694ns  (logic 0.727ns (42.916%)  route 0.967ns (57.084%))
  Logic Levels:           5  (CARRY8=2 LUT4=2 LUT6=1)
  Clock Path Skew:        -0.009ns (DCD - SCD + CPR)
    Destination Clock Delay (DCD):    0.021ns = ( 3.124 - 3.103 ) 
    Source Clock Delay      (SCD):    0.030ns
    Clock Pessimism Removal (CPR):    0.000ns
  Clock Uncertainty:      0.035ns  ((TSJ^2 + TIJ^2)^1/2 + DJ) / 2 + PE
    Total System Jitter     (TSJ):    0.071ns
    Total Input Jitter      (TIJ):    0.000ns
    Discrete Jitter          (DJ):    0.000ns
    Phase Error              (PE):    0.000ns

    Location             Delay type                Incr(ns)  Path(ns)    Netlist Resource(s)
  -------------------------------------------------------------------    -------------------
                         (clock cmac_clk rise edge)
                                                      0.000     0.000 r  
                                                      0.000     0.000 r  cmac_clk (IN)
                         net (fo=122, unset)          0.030     0.030    u_rx_cdc/cmac_clk
                         FDRE                                         r  u_rx_cdc/rg_sync_q_reg[1][3]/C
  -------------------------------------------------------------------    -------------------
                         FDRE (Prop_FDRE_C_Q)         0.077     0.107 r  u_rx_cdc/rg_sync_q_reg[1][3]/Q
                         net (fo=2, unplaced)         0.154     0.261    u_rx_cdc/rg_sync_q[1]_3[3]
                         LUT6 (Prop_LUT6_I0_O)        0.150     0.411 r  u_rx_cdc/occ_w_carry_i_9/O
                         net (fo=4, unplaced)         0.197     0.608    u_rx_cdc/p_12_in
                         LUT4 (Prop_LUT4_I2_O)        0.037     0.645 r  u_rx_cdc/occ_w_carry_i_7/O
                         net (fo=1, unplaced)         0.023     0.668    u_rx_cdc/occ_w_carry_i_7_n_0
                         CARRY8 (Prop_CARRY8_S[1]_O[4])
                                                      0.204     0.872 r  u_rx_cdc/occ_w_carry/O[4]
                         net (fo=3, unplaced)         0.140     1.012    u_rx_cdc/occ_w[4]
                         LUT4 (Prop_LUT4_I0_O)        0.099     1.111 r  u_rx_cdc/hwm0_carry_i_3/O
                         net (fo=1, unplaced)         0.242     1.353    u_rx_cdc/hwm0_carry_i_3_n_0
                         CARRY8 (Prop_CARRY8_DI[2]_CO[4])
                                                      0.160     1.513 r  u_rx_cdc/hwm0_carry/CO[4]
                         net (fo=9, unplaced)         0.211     1.724    u_rx_cdc/hwm0_carry_n_3
                         FDRE                                         r  u_rx_cdc/hwm_reg[8]/CE
  -------------------------------------------------------------------    -------------------

                         (clock cmac_clk rise edge)
                                                      3.103     3.103 r  
                                                      0.000     3.103 r  cmac_clk (IN)
                         net (fo=122, unset)          0.021     3.124    u_rx_cdc/cmac_clk
                         FDRE                                         r  u_rx_cdc/hwm_reg[8]/C
                         clock pessimism              0.000     3.124    
                         clock uncertainty           -0.035     3.089    
                         FDRE (Setup_FDRE_C_CE)      -0.061     3.028    u_rx_cdc/hwm_reg[8]
  -------------------------------------------------------------------
                         required time                          3.028    
                         arrival time                          -1.724    
  -------------------------------------------------------------------
                         slack                                  1.304    

Slack (MET) :             1.330ns  (required time - arrival time)
  Source:                 u_rx_cdc/wbin_reg[5]/C
                            (rising edge-triggered cell FDRE clocked by cmac_clk  {rise@0.000ns fall@1.551ns period=3.103ns})
  Destination:            u_rx_cdc/mem_reg_0/ENBWREN
                            (rising edge-triggered cell RAMB36E2 clocked by cmac_clk  {rise@0.000ns fall@1.551ns period=3.103ns})
  Path Group:             cmac_clk
  Path Type:              Setup (Max at Slow Process Corner)
  Requirement:            3.103ns  (cmac_clk rise@3.103ns - cmac_clk rise@0.000ns)
  Data Path Delay:        1.368ns  (logic 0.373ns (27.266%)  route 0.995ns (72.734%))
  Logic Levels:           4  (LUT3=1 LUT5=1 LUT6=2)
  Clock Path Skew:        -0.028ns (DCD - SCD + CPR)
    Destination Clock Delay (DCD):    0.000ns = ( 3.103 - 3.103 ) 
    Source Clock Delay      (SCD):    0.028ns
    Clock Pessimism Removal (CPR):    0.000ns
  Clock Uncertainty:      0.035ns  ((TSJ^2 + TIJ^2)^1/2 + DJ) / 2 + PE
    Total System Jitter     (TSJ):    0.071ns
    Total Input Jitter      (TIJ):    0.000ns
    Discrete Jitter          (DJ):    0.000ns
    Phase Error              (PE):    0.000ns

    Location             Delay type                Incr(ns)  Path(ns)    Netlist Resource(s)
  -------------------------------------------------------------------    -------------------
                         (clock cmac_clk rise edge)
                                                      0.000     0.000 r  
                                                      0.000     0.000 r  cmac_clk (IN)
                         net (fo=122, unset)          0.028     0.028    u_rx_cdc/cmac_clk
                         FDRE                                         r  u_rx_cdc/wbin_reg[5]/C
  -------------------------------------------------------------------    -------------------
                         FDRE (Prop_FDRE_C_Q)         0.077     0.105 r  u_rx_cdc/wbin_reg[5]/Q
                         net (fo=16, unplaced)        0.198     0.303    u_rx_cdc/wbin_reg[5]
                         LUT6 (Prop_LUT6_I0_O)        0.150     0.453 r  u_rx_cdc/wgray[7]_i_2/O
                         net (fo=6, unplaced)         0.207     0.660    u_rx_cdc/wgray[7]_i_2_n_0
                         LUT3 (Prop_LUT3_I2_O)        0.070     0.730 r  u_rx_cdc/wgray[6]_i_1/O
                         net (fo=2, unplaced)         0.185     0.915    u_rx_cdc/bin2gray_return2_out[6]
                         LUT6 (Prop_LUT6_I5_O)        0.038     0.953 f  u_rx_cdc/drop_cnt[31]_i_3__2/O
                         net (fo=2, unplaced)         0.185     1.138    u_rx_cdc/drop_cnt[31]_i_3__2_n_0
                         LUT5 (Prop_LUT5_I1_O)        0.038     1.176 r  u_rx_cdc/mem_reg_0_i_2__1/O
                         net (fo=26, unplaced)        0.220     1.396    u_rx_cdc/w_push
                         RAMB36E2                                     r  u_rx_cdc/mem_reg_0/ENBWREN
  -------------------------------------------------------------------    -------------------

                         (clock cmac_clk rise edge)
                                                      3.103     3.103 r  
                                                      0.000     3.103 r  cmac_clk (IN)
                         net (fo=122, unset)          0.000     3.103    u_rx_cdc/cmac_clk
                         RAMB36E2                                     r  u_rx_cdc/mem_reg_0/CLKBWRCLK
                         clock pessimism              0.000     3.103    
                         clock uncertainty           -0.035     3.068    
                         RAMB36E2 (Setup_RAMB36E2_CLKBWRCLK_ENBWREN)
                                                     -0.342     2.726    u_rx_cdc/mem_reg_0
  -------------------------------------------------------------------
                         required time                          2.726    
                         arrival time                          -1.396    
  -------------------------------------------------------------------
                         slack                                  1.330    





Pulse Width Checks
--------------------------------------------------------------------------------------
Clock Name:         cmac_clk
Waveform(ns):       { 0.000 1.551 }
Period(ns):         3.103
Sources:            { cmac_clk }

Check Type        Corner  Lib Pin             Reference Pin  Required(ns)  Actual(ns)  Slack(ns)  Location  Pin
Min Period        n/a     RAMB36E2/CLKBWRCLK  n/a            1.355         3.103       1.748                u_rx_cdc/mem_reg_0/CLKBWRCLK
Min Period        n/a     RAMB36E2/CLKBWRCLK  n/a            1.355         3.103       1.748                u_rx_cdc/mem_reg_1/CLKBWRCLK
Min Period        n/a     RAMB36E2/CLKBWRCLK  n/a            1.355         3.103       1.748                u_rx_cdc/mem_reg_2/CLKBWRCLK
Min Period        n/a     RAMB36E2/CLKBWRCLK  n/a            1.355         3.103       1.748                u_rx_cdc/mem_reg_3/CLKBWRCLK
Min Period        n/a     RAMB36E2/CLKBWRCLK  n/a            1.355         3.103       1.748                u_rx_cdc/mem_reg_4/CLKBWRCLK
Min Period        n/a     RAMB36E2/CLKBWRCLK  n/a            1.355         3.103       1.748                u_rx_cdc/mem_reg_5/CLKBWRCLK
Min Period        n/a     RAMB36E2/CLKBWRCLK  n/a            1.355         3.103       1.748                u_rx_cdc/mem_reg_6/CLKBWRCLK
Min Period        n/a     RAMB36E2/CLKBWRCLK  n/a            1.355         3.103       1.748                u_rx_cdc/mem_reg_7/CLKBWRCLK
Min Period        n/a     RAMB18E2/CLKBWRCLK  n/a            1.355         3.103       1.748                u_rx_cdc/mem_reg_8/CLKBWRCLK
Min Period        n/a     RAMB36E2/CLKARDCLK  n/a            1.355         3.103       1.748                u_tx_cdc/mem_reg_0/CLKARDCLK
Low Pulse Width   Slow    RAMB36E2/CLKBWRCLK  n/a            0.542         1.551       1.009                u_rx_cdc/mem_reg_0/CLKBWRCLK
Low Pulse Width   Fast    RAMB36E2/CLKBWRCLK  n/a            0.542         1.551       1.009                u_rx_cdc/mem_reg_0/CLKBWRCLK
Low Pulse Width   Slow    RAMB36E2/CLKBWRCLK  n/a            0.542         1.551       1.009                u_rx_cdc/mem_reg_1/CLKBWRCLK
Low Pulse Width   Fast    RAMB36E2/CLKBWRCLK  n/a            0.542         1.551       1.009                u_rx_cdc/mem_reg_1/CLKBWRCLK
Low Pulse Width   Slow    RAMB36E2/CLKBWRCLK  n/a            0.542         1.551       1.009                u_rx_cdc/mem_reg_2/CLKBWRCLK
Low Pulse Width   Fast    RAMB36E2/CLKBWRCLK  n/a            0.542         1.551       1.009                u_rx_cdc/mem_reg_2/CLKBWRCLK
Low Pulse Width   Slow    RAMB36E2/CLKBWRCLK  n/a            0.542         1.551       1.009                u_rx_cdc/mem_reg_3/CLKBWRCLK
Low Pulse Width   Fast    RAMB36E2/CLKBWRCLK  n/a            0.542         1.551       1.009                u_rx_cdc/mem_reg_3/CLKBWRCLK
Low Pulse Width   Slow    RAMB36E2/CLKBWRCLK  n/a            0.542         1.551       1.009                u_rx_cdc/mem_reg_4/CLKBWRCLK
Low Pulse Width   Fast    RAMB36E2/CLKBWRCLK  n/a            0.542         1.551       1.009                u_rx_cdc/mem_reg_4/CLKBWRCLK
High Pulse Width  Slow    RAMB36E2/CLKBWRCLK  n/a            0.542         1.551       1.009                u_rx_cdc/mem_reg_0/CLKBWRCLK
High Pulse Width  Fast    RAMB36E2/CLKBWRCLK  n/a            0.542         1.551       1.009                u_rx_cdc/mem_reg_0/CLKBWRCLK
High Pulse Width  Slow    RAMB36E2/CLKBWRCLK  n/a            0.542         1.551       1.009                u_rx_cdc/mem_reg_1/CLKBWRCLK
High Pulse Width  Fast    RAMB36E2/CLKBWRCLK  n/a            0.542         1.551       1.009                u_rx_cdc/mem_reg_1/CLKBWRCLK
High Pulse Width  Slow    RAMB36E2/CLKBWRCLK  n/a            0.542         1.551       1.009                u_rx_cdc/mem_reg_2/CLKBWRCLK
High Pulse Width  Fast    RAMB36E2/CLKBWRCLK  n/a            0.542         1.551       1.009                u_rx_cdc/mem_reg_2/CLKBWRCLK
High Pulse Width  Slow    RAMB36E2/CLKBWRCLK  n/a            0.542         1.551       1.009                u_rx_cdc/mem_reg_3/CLKBWRCLK
High Pulse Width  Fast    RAMB36E2/CLKBWRCLK  n/a            0.542         1.551       1.009                u_rx_cdc/mem_reg_3/CLKBWRCLK
High Pulse Width  Slow    RAMB36E2/CLKBWRCLK  n/a            0.542         1.551       1.009                u_rx_cdc/mem_reg_4/CLKBWRCLK
High Pulse Width  Fast    RAMB36E2/CLKBWRCLK  n/a            0.542         1.551       1.009                u_rx_cdc/mem_reg_4/CLKBWRCLK



---------------------------------------------------------------------------------------------------
From Clock:  core_clk
  To Clock:  core_clk

Setup :          134  Failing Endpoints,  Worst Slack       -0.156ns,  Total Violation       -2.201ns
Hold  :           NA  Failing Endpoints,  Worst Slack           NA  ,  Total Violation           NA
PW    :            0  Failing Endpoints,  Worst Slack        1.609ns,  Total Violation        0.000ns
---------------------------------------------------------------------------------------------------


Max Delay Paths
--------------------------------------------------------------------------------------
Slack (VIOLATED) :        -0.156ns  (required time - arrival time)
  Source:                 u_fh/u_split/msglen_reg[6]/C
                            (rising edge-triggered cell FDRE clocked by core_clk  {rise@0.000ns fall@2.309ns period=4.618ns})
  Destination:            u_fh/u_split/vcnt_reg[7]/D
                            (rising edge-triggered cell FDRE clocked by core_clk  {rise@0.000ns fall@2.309ns period=4.618ns})
  Path Group:             core_clk
  Path Type:              Setup (Max at Slow Process Corner)
  Requirement:            4.618ns  (core_clk rise@4.618ns - core_clk rise@0.000ns)
  Data Path Delay:        4.757ns  (logic 1.236ns (25.983%)  route 3.521ns (74.017%))
  Logic Levels:           20  (CARRY8=5 LUT2=2 LUT3=2 LUT4=2 LUT5=2 LUT6=7)
  Clock Path Skew:        -0.007ns (DCD - SCD + CPR)
    Destination Clock Delay (DCD):    0.021ns = ( 4.639 - 4.618 ) 
    Source Clock Delay      (SCD):    0.028ns
    Clock Pessimism Removal (CPR):    0.000ns
  Clock Uncertainty:      0.035ns  ((TSJ^2 + TIJ^2)^1/2 + DJ) / 2 + PE
    Total System Jitter     (TSJ):    0.071ns
    Total Input Jitter      (TIJ):    0.000ns
    Discrete Jitter          (DJ):    0.000ns
    Phase Error              (PE):    0.000ns

    Location             Delay type                Incr(ns)  Path(ns)    Netlist Resource(s)
  -------------------------------------------------------------------    -------------------
                         (clock core_clk rise edge)
                                                      0.000     0.000 r  
                                                      0.000     0.000 r  core_clk (IN)
                         net (fo=14810, unset)        0.028     0.028    u_fh/u_split/core_clk
                         FDRE                                         r  u_fh/u_split/msglen_reg[6]/C
  -------------------------------------------------------------------    -------------------
                         FDRE (Prop_FDRE_C_Q)         0.077     0.105 f  u_fh/u_split/msglen_reg[6]/Q
                         net (fo=8, unplaced)         0.182     0.287    u_fh/u_split/msglen[6]
                         LUT6 (Prop_LUT6_I0_O)        0.150     0.437 f  u_fh/u_split/FSM_sequential_state[1]_i_84/O
                         net (fo=3, unplaced)         0.191     0.628    u_fh/u_split/FSM_sequential_state[1]_i_84_n_0
                         LUT6 (Prop_LUT6_I5_O)        0.038     0.666 r  u_fh/u_split/FSM_sequential_state[1]_i_65/O
                         net (fo=3, unplaced)         0.191     0.857    u_fh/u_split/FSM_sequential_state[1]_i_65_n_0
                         LUT5 (Prop_LUT5_I0_O)        0.039     0.896 r  u_fh/u_split/FSM_sequential_state[1]_i_57/O
                         net (fo=1, unplaced)         0.022     0.918    u_fh/u_split/FSM_sequential_state[1]_i_57_n_0
                         CARRY8 (Prop_CARRY8_S[7]_CO[7])
                                                      0.124     1.042 r  u_fh/u_split/FSM_sequential_state_reg[1]_i_34/CO[7]
                         net (fo=1, unplaced)         0.005     1.047    u_fh/u_split/FSM_sequential_state_reg[1]_i_34_n_0
                         CARRY8 (Prop_CARRY8_CI_CO[0])
                                                      0.052     1.099 r  u_fh/u_split/FSM_sequential_state_reg[1]_i_14/CO[0]
                         net (fo=32, unplaced)        0.245     1.344    u_fh/u_split/msg_ready0
                         LUT6 (Prop_LUT6_I4_O)        0.038     1.382 f  u_fh/u_split/FSM_sequential_state[1]_i_5/O
                         net (fo=69, unplaced)        0.262     1.644    u_fh/u_split/FSM_sequential_state[1]_i_5_n_0
                         LUT2 (Prop_LUT2_I1_O)        0.038     1.682 r  u_fh/u_split/win[759]_i_2/O
                         net (fo=1054, unplaced)      0.324     2.006    u_fh/u_split/A[7]
                         LUT2 (Prop_LUT2_I1_O)        0.066     2.072 r  u_fh/u_split/win[1023]_i_24/O
                         net (fo=1, unplaced)         0.198     2.270    u_fh/u_split/win[1023]_i_24_n_0
                         CARRY8 (Prop_CARRY8_DI[7]_CO[7])
                                                      0.058     2.328 r  u_fh/u_split/win_reg[1023]_i_11/CO[7]
                         net (fo=1, unplaced)         0.005     2.333    u_fh/u_split/win_reg[1023]_i_11_n_0
                         CARRY8 (Prop_CARRY8_CI_CO[0])
                                                      0.052     2.385 r  u_fh/u_split/win_reg[1023]_i_33/CO[0]
                         net (fo=1, unplaced)         0.185     2.570    u_fh/u_split/win_reg[1023]_i_33_n_7
                         LUT3 (Prop_LUT3_I2_O)        0.038     2.608 f  u_fh/u_split/win[1023]_i_13/O
                         net (fo=9, unplaced)         0.216     2.824    u_fh/u_split/win[1023]_i_13_n_0
                         LUT6 (Prop_LUT6_I5_O)        0.038     2.862 f  u_fh/u_split/win[991]_i_3/O
                         net (fo=120, unplaced)       0.275     3.137    u_fh/u_beat_fifo/rptr_reg[9]_0
                         LUT4 (Prop_LUT4_I0_O)        0.038     3.175 r  u_fh/u_beat_fifo/vcnt[7]_i_110/O
                         net (fo=2, unplaced)         0.185     3.360    u_fh/u_beat_fifo/vcnt[7]_i_110_n_0
                         LUT6 (Prop_LUT6_I5_O)        0.038     3.398 r  u_fh/u_beat_fifo/vcnt[7]_i_87/O
                         net (fo=2, unplaced)         0.140     3.538    u_fh/u_beat_fifo/vcnt[7]_i_87_n_0
                         LUT3 (Prop_LUT3_I0_O)        0.090     3.628 r  u_fh/u_beat_fifo/vcnt[7]_i_79/O
                         net (fo=2, unplaced)         0.185     3.813    u_fh/u_split/vcnt[7]_i_43
                         LUT6 (Prop_LUT6_I5_O)        0.038     3.851 f  u_fh/u_split/vcnt[7]_i_56/O
                         net (fo=2, unplaced)         0.185     4.036    u_fh/u_beat_fifo/vcnt[7]_i_17
                         LUT4 (Prop_LUT4_I3_O)        0.038     4.074 r  u_fh/u_beat_fifo/vcnt[7]_i_43/O
                         net (fo=2, unplaced)         0.185     4.259    u_fh/u_split/vcnt_reg[7]_1
                         LUT6 (Prop_LUT6_I0_O)        0.038     4.297 r  u_fh/u_split/vcnt[7]_i_17/O
                         net (fo=4, unplaced)         0.197     4.494    u_fh/u_split/vcnt_reg[4]_0
                         LUT5 (Prop_LUT5_I1_O)        0.038     4.532 r  u_fh/u_split/vcnt[7]_i_3/O
                         net (fo=1, unplaced)         0.117     4.649    u_fh/u_beat_fifo/DI[0]
                         CARRY8 (Prop_CARRY8_DI[5]_O[7])
                                                      0.110     4.759 r  u_fh/u_beat_fifo/vcnt_reg[7]_i_1/O[7]
                         net (fo=1, unplaced)         0.026     4.785    u_fh/u_split/vcnt_reg[7]_2[7]
                         FDRE                                         r  u_fh/u_split/vcnt_reg[7]/D
  -------------------------------------------------------------------    -------------------

                         (clock core_clk rise edge)
                                                      4.618     4.618 r  
                                                      0.000     4.618 r  core_clk (IN)
                         net (fo=14810, unset)        0.021     4.639    u_fh/u_split/core_clk
                         FDRE                                         r  u_fh/u_split/vcnt_reg[7]/C
                         clock pessimism              0.000     4.639    
                         clock uncertainty           -0.035     4.604    
                         FDRE (Setup_FDRE_C_D)        0.025     4.629    u_fh/u_split/vcnt_reg[7]
  -------------------------------------------------------------------
                         required time                          4.629    
                         arrival time                          -4.785    
  -------------------------------------------------------------------
                         slack                                 -0.156    

Slack (VIOLATED) :        -0.152ns  (required time - arrival time)
  Source:                 u_fh/u_split/msglen_reg[6]/C
                            (rising edge-triggered cell FDRE clocked by core_clk  {rise@0.000ns fall@2.309ns period=4.618ns})
  Destination:            u_fh/u_split/vcnt_reg[6]/D
                            (rising edge-triggered cell FDRE clocked by core_clk  {rise@0.000ns fall@2.309ns period=4.618ns})
  Path Group:             core_clk
  Path Type:              Setup (Max at Slow Process Corner)
  Requirement:            4.618ns  (core_clk rise@4.618ns - core_clk rise@0.000ns)
  Data Path Delay:        4.753ns  (logic 1.232ns (25.920%)  route 3.521ns (74.080%))
  Logic Levels:           20  (CARRY8=5 LUT2=2 LUT3=2 LUT4=2 LUT5=2 LUT6=7)
  Clock Path Skew:        -0.007ns (DCD - SCD + CPR)
    Destination Clock Delay (DCD):    0.021ns = ( 4.639 - 4.618 ) 
    Source Clock Delay      (SCD):    0.028ns
    Clock Pessimism Removal (CPR):    0.000ns
  Clock Uncertainty:      0.035ns  ((TSJ^2 + TIJ^2)^1/2 + DJ) / 2 + PE
    Total System Jitter     (TSJ):    0.071ns
    Total Input Jitter      (TIJ):    0.000ns
    Discrete Jitter          (DJ):    0.000ns
    Phase Error              (PE):    0.000ns

    Location             Delay type                Incr(ns)  Path(ns)    Netlist Resource(s)
  -------------------------------------------------------------------    -------------------
                         (clock core_clk rise edge)
                                                      0.000     0.000 r  
                                                      0.000     0.000 r  core_clk (IN)
                         net (fo=14810, unset)        0.028     0.028    u_fh/u_split/core_clk
                         FDRE                                         r  u_fh/u_split/msglen_reg[6]/C
  -------------------------------------------------------------------    -------------------
                         FDRE (Prop_FDRE_C_Q)         0.077     0.105 f  u_fh/u_split/msglen_reg[6]/Q
                         net (fo=8, unplaced)         0.182     0.287    u_fh/u_split/msglen[6]
                         LUT6 (Prop_LUT6_I0_O)        0.150     0.437 f  u_fh/u_split/FSM_sequential_state[1]_i_84/O
                         net (fo=3, unplaced)         0.191     0.628    u_fh/u_split/FSM_sequential_state[1]_i_84_n_0
                         LUT6 (Prop_LUT6_I5_O)        0.038     0.666 r  u_fh/u_split/FSM_sequential_state[1]_i_65/O
                         net (fo=3, unplaced)         0.191     0.857    u_fh/u_split/FSM_sequential_state[1]_i_65_n_0
                         LUT5 (Prop_LUT5_I0_O)        0.039     0.896 r  u_fh/u_split/FSM_sequential_state[1]_i_57/O
                         net (fo=1, unplaced)         0.022     0.918    u_fh/u_split/FSM_sequential_state[1]_i_57_n_0
                         CARRY8 (Prop_CARRY8_S[7]_CO[7])
                                                      0.124     1.042 r  u_fh/u_split/FSM_sequential_state_reg[1]_i_34/CO[7]
                         net (fo=1, unplaced)         0.005     1.047    u_fh/u_split/FSM_sequential_state_reg[1]_i_34_n_0
                         CARRY8 (Prop_CARRY8_CI_CO[0])
                                                      0.052     1.099 r  u_fh/u_split/FSM_sequential_state_reg[1]_i_14/CO[0]
                         net (fo=32, unplaced)        0.245     1.344    u_fh/u_split/msg_ready0
                         LUT6 (Prop_LUT6_I4_O)        0.038     1.382 f  u_fh/u_split/FSM_sequential_state[1]_i_5/O
                         net (fo=69, unplaced)        0.262     1.644    u_fh/u_split/FSM_sequential_state[1]_i_5_n_0
                         LUT2 (Prop_LUT2_I1_O)        0.038     1.682 r  u_fh/u_split/win[759]_i_2/O
                         net (fo=1054, unplaced)      0.324     2.006    u_fh/u_split/A[7]
                         LUT2 (Prop_LUT2_I1_O)        0.066     2.072 r  u_fh/u_split/win[1023]_i_24/O
                         net (fo=1, unplaced)         0.198     2.270    u_fh/u_split/win[1023]_i_24_n_0
                         CARRY8 (Prop_CARRY8_DI[7]_CO[7])
                                                      0.058     2.328 r  u_fh/u_split/win_reg[1023]_i_11/CO[7]
                         net (fo=1, unplaced)         0.005     2.333    u_fh/u_split/win_reg[1023]_i_11_n_0
                         CARRY8 (Prop_CARRY8_CI_CO[0])
                                                      0.052     2.385 r  u_fh/u_split/win_reg[1023]_i_33/CO[0]
                         net (fo=1, unplaced)         0.185     2.570    u_fh/u_split/win_reg[1023]_i_33_n_7
                         LUT3 (Prop_LUT3_I2_O)        0.038     2.608 f  u_fh/u_split/win[1023]_i_13/O
                         net (fo=9, unplaced)         0.216     2.824    u_fh/u_split/win[1023]_i_13_n_0
                         LUT6 (Prop_LUT6_I5_O)        0.038     2.862 f  u_fh/u_split/win[991]_i_3/O
                         net (fo=120, unplaced)       0.275     3.137    u_fh/u_beat_fifo/rptr_reg[9]_0
                         LUT4 (Prop_LUT4_I0_O)        0.038     3.175 r  u_fh/u_beat_fifo/vcnt[7]_i_110/O
                         net (fo=2, unplaced)         0.185     3.360    u_fh/u_beat_fifo/vcnt[7]_i_110_n_0
                         LUT6 (Prop_LUT6_I5_O)        0.038     3.398 r  u_fh/u_beat_fifo/vcnt[7]_i_87/O
                         net (fo=2, unplaced)         0.140     3.538    u_fh/u_beat_fifo/vcnt[7]_i_87_n_0
                         LUT3 (Prop_LUT3_I0_O)        0.090     3.628 r  u_fh/u_beat_fifo/vcnt[7]_i_79/O
                         net (fo=2, unplaced)         0.185     3.813    u_fh/u_split/vcnt[7]_i_43
                         LUT6 (Prop_LUT6_I5_O)        0.038     3.851 f  u_fh/u_split/vcnt[7]_i_56/O
                         net (fo=2, unplaced)         0.185     4.036    u_fh/u_beat_fifo/vcnt[7]_i_17
                         LUT4 (Prop_LUT4_I3_O)        0.038     4.074 r  u_fh/u_beat_fifo/vcnt[7]_i_43/O
                         net (fo=2, unplaced)         0.185     4.259    u_fh/u_split/vcnt_reg[7]_1
                         LUT6 (Prop_LUT6_I0_O)        0.038     4.297 r  u_fh/u_split/vcnt[7]_i_17/O
                         net (fo=4, unplaced)         0.197     4.494    u_fh/u_split/vcnt_reg[4]_0
                         LUT5 (Prop_LUT5_I1_O)        0.038     4.532 r  u_fh/u_split/vcnt[7]_i_3/O
                         net (fo=1, unplaced)         0.117     4.649    u_fh/u_beat_fifo/DI[0]
                         CARRY8 (Prop_CARRY8_DI[5]_O[6])
                                                      0.106     4.755 r  u_fh/u_beat_fifo/vcnt_reg[7]_i_1/O[6]
                         net (fo=1, unplaced)         0.026     4.781    u_fh/u_split/vcnt_reg[7]_2[6]
                         FDRE                                         r  u_fh/u_split/vcnt_reg[6]/D
  -------------------------------------------------------------------    -------------------

                         (clock core_clk rise edge)
                                                      4.618     4.618 r  
                                                      0.000     4.618 r  core_clk (IN)
                         net (fo=14810, unset)        0.021     4.639    u_fh/u_split/core_clk
                         FDRE                                         r  u_fh/u_split/vcnt_reg[6]/C
                         clock pessimism              0.000     4.639    
                         clock uncertainty           -0.035     4.604    
                         FDRE (Setup_FDRE_C_D)        0.025     4.629    u_fh/u_split/vcnt_reg[6]
  -------------------------------------------------------------------
                         required time                          4.629    
                         arrival time                          -4.781    
  -------------------------------------------------------------------
                         slack                                 -0.152    

Slack (VIOLATED) :        -0.149ns  (required time - arrival time)
  Source:                 u_fh/u_split/msglen_reg[6]/C
                            (rising edge-triggered cell FDRE clocked by core_clk  {rise@0.000ns fall@2.309ns period=4.618ns})
  Destination:            u_fh/u_split/vcnt_reg[5]/D
                            (rising edge-triggered cell FDRE clocked by core_clk  {rise@0.000ns fall@2.309ns period=4.618ns})
  Path Group:             core_clk
  Path Type:              Setup (Max at Slow Process Corner)
  Requirement:            4.618ns  (core_clk rise@4.618ns - core_clk rise@0.000ns)
  Data Path Delay:        4.750ns  (logic 1.325ns (27.895%)  route 3.425ns (72.105%))
  Logic Levels:           20  (CARRY8=5 LUT2=2 LUT3=3 LUT4=1 LUT5=2 LUT6=7)
  Clock Path Skew:        -0.007ns (DCD - SCD + CPR)
    Destination Clock Delay (DCD):    0.021ns = ( 4.639 - 4.618 ) 
    Source Clock Delay      (SCD):    0.028ns
    Clock Pessimism Removal (CPR):    0.000ns
  Clock Uncertainty:      0.035ns  ((TSJ^2 + TIJ^2)^1/2 + DJ) / 2 + PE
    Total System Jitter     (TSJ):    0.071ns
    Total Input Jitter      (TIJ):    0.000ns
    Discrete Jitter          (DJ):    0.000ns
    Phase Error              (PE):    0.000ns

    Location             Delay type                Incr(ns)  Path(ns)    Netlist Resource(s)
  -------------------------------------------------------------------    -------------------
                         (clock core_clk rise edge)
                                                      0.000     0.000 r  
                                                      0.000     0.000 r  core_clk (IN)
                         net (fo=14810, unset)        0.028     0.028    u_fh/u_split/core_clk
                         FDRE                                         r  u_fh/u_split/msglen_reg[6]/C
  -------------------------------------------------------------------    -------------------
                         FDRE (Prop_FDRE_C_Q)         0.077     0.105 f  u_fh/u_split/msglen_reg[6]/Q
                         net (fo=8, unplaced)         0.182     0.287    u_fh/u_split/msglen[6]
                         LUT6 (Prop_LUT6_I0_O)        0.150     0.437 f  u_fh/u_split/FSM_sequential_state[1]_i_84/O
                         net (fo=3, unplaced)         0.191     0.628    u_fh/u_split/FSM_sequential_state[1]_i_84_n_0
                         LUT6 (Prop_LUT6_I5_O)        0.038     0.666 r  u_fh/u_split/FSM_sequential_state[1]_i_65/O
                         net (fo=3, unplaced)         0.191     0.857    u_fh/u_split/FSM_sequential_state[1]_i_65_n_0
                         LUT5 (Prop_LUT5_I0_O)        0.039     0.896 r  u_fh/u_split/FSM_sequential_state[1]_i_57/O
                         net (fo=1, unplaced)         0.022     0.918    u_fh/u_split/FSM_sequential_state[1]_i_57_n_0
                         CARRY8 (Prop_CARRY8_S[7]_CO[7])
                                                      0.124     1.042 r  u_fh/u_split/FSM_sequential_state_reg[1]_i_34/CO[7]
                         net (fo=1, unplaced)         0.005     1.047    u_fh/u_split/FSM_sequential_state_reg[1]_i_34_n_0
                         CARRY8 (Prop_CARRY8_CI_CO[0])
                                                      0.052     1.099 r  u_fh/u_split/FSM_sequential_state_reg[1]_i_14/CO[0]
                         net (fo=32, unplaced)        0.245     1.344    u_fh/u_split/msg_ready0
                         LUT6 (Prop_LUT6_I4_O)        0.038     1.382 f  u_fh/u_split/FSM_sequential_state[1]_i_5/O
                         net (fo=69, unplaced)        0.262     1.644    u_fh/u_split/FSM_sequential_state[1]_i_5_n_0
                         LUT2 (Prop_LUT2_I1_O)        0.038     1.682 r  u_fh/u_split/win[759]_i_2/O
                         net (fo=1054, unplaced)      0.324     2.006    u_fh/u_split/A[7]
                         LUT2 (Prop_LUT2_I1_O)        0.066     2.072 r  u_fh/u_split/win[1023]_i_24/O
                         net (fo=1, unplaced)         0.198     2.270    u_fh/u_split/win[1023]_i_24_n_0
                         CARRY8 (Prop_CARRY8_DI[7]_CO[7])
                                                      0.058     2.328 r  u_fh/u_split/win_reg[1023]_i_11/CO[7]
                         net (fo=1, unplaced)         0.005     2.333    u_fh/u_split/win_reg[1023]_i_11_n_0
                         CARRY8 (Prop_CARRY8_CI_CO[0])
                                                      0.052     2.385 r  u_fh/u_split/win_reg[1023]_i_33/CO[0]
                         net (fo=1, unplaced)         0.185     2.570    u_fh/u_split/win_reg[1023]_i_33_n_7
                         LUT3 (Prop_LUT3_I2_O)        0.038     2.608 f  u_fh/u_split/win[1023]_i_13/O
                         net (fo=9, unplaced)         0.216     2.824    u_fh/u_split/win[1023]_i_13_n_0
                         LUT6 (Prop_LUT6_I5_O)        0.038     2.862 f  u_fh/u_split/win[991]_i_3/O
                         net (fo=120, unplaced)       0.275     3.137    u_fh/u_beat_fifo/rptr_reg[9]_0
                         LUT4 (Prop_LUT4_I2_O)        0.038     3.175 r  u_fh/u_beat_fifo/vcnt[7]_i_83/O
                         net (fo=2, unplaced)         0.185     3.360    u_fh/u_beat_fifo/vcnt[7]_i_83_n_0
                         LUT6 (Prop_LUT6_I5_O)        0.038     3.398 r  u_fh/u_beat_fifo/vcnt[7]_i_68/O
                         net (fo=2, unplaced)         0.140     3.538    u_fh/u_beat_fifo/vcnt[7]_i_68_n_0
                         LUT3 (Prop_LUT3_I0_O)        0.090     3.628 r  u_fh/u_beat_fifo/vcnt[7]_i_93/O
                         net (fo=2, unplaced)         0.185     3.813    u_fh/u_beat_fifo/vcnt[7]_i_93_n_0
                         LUT5 (Prop_LUT5_I4_O)        0.038     3.851 r  u_fh/u_beat_fifo/vcnt[7]_i_55/O
                         net (fo=2, unplaced)         0.185     4.036    u_fh/u_beat_fifo/vcnt[7]_i_55_n_0
                         LUT6 (Prop_LUT6_I5_O)        0.038     4.074 r  u_fh/u_beat_fifo/vcnt[7]_i_26/O
                         net (fo=3, unplaced)         0.191     4.265    u_fh/u_beat_fifo/vcnt[7]_i_26_n_0
                         LUT3 (Prop_LUT3_I0_O)        0.038     4.303 r  u_fh/u_beat_fifo/vcnt[7]_i_6/O
                         net (fo=2, unplaced)         0.185     4.488    u_fh/u_beat_fifo/vcnt[7]_i_6_n_0
                         LUT6 (Prop_LUT6_I3_O)        0.037     4.525 r  u_fh/u_beat_fifo/vcnt[7]_i_14/O
                         net (fo=1, unplaced)         0.028     4.553    u_fh/u_beat_fifo/vcnt[7]_i_14_n_0
                         CARRY8 (Prop_CARRY8_S[2]_O[5])
                                                      0.200     4.753 r  u_fh/u_beat_fifo/vcnt_reg[7]_i_1/O[5]
                         net (fo=1, unplaced)         0.025     4.778    u_fh/u_split/vcnt_reg[7]_2[5]
                         FDRE                                         r  u_fh/u_split/vcnt_reg[5]/D
  -------------------------------------------------------------------    -------------------

                         (clock core_clk rise edge)
                                                      4.618     4.618 r  
                                                      0.000     4.618 r  core_clk (IN)
                         net (fo=14810, unset)        0.021     4.639    u_fh/u_split/core_clk
                         FDRE                                         r  u_fh/u_split/vcnt_reg[5]/C
                         clock pessimism              0.000     4.639    
                         clock uncertainty           -0.035     4.604    
                         FDRE (Setup_FDRE_C_D)        0.025     4.629    u_fh/u_split/vcnt_reg[5]
  -------------------------------------------------------------------
                         required time                          4.629    
                         arrival time                          -4.778    
  -------------------------------------------------------------------
                         slack                                 -0.149    

Slack (VIOLATED) :        -0.116ns  (required time - arrival time)
  Source:                 u_fh/u_split/msglen_reg[6]/C
                            (rising edge-triggered cell FDRE clocked by core_clk  {rise@0.000ns fall@2.309ns period=4.618ns})
  Destination:            u_fh/u_split/vcnt_reg[4]/D
                            (rising edge-triggered cell FDRE clocked by core_clk  {rise@0.000ns fall@2.309ns period=4.618ns})
  Path Group:             core_clk
  Path Type:              Setup (Max at Slow Process Corner)
  Requirement:            4.618ns  (core_clk rise@4.618ns - core_clk rise@0.000ns)
  Data Path Delay:        4.717ns  (logic 1.292ns (27.390%)  route 3.425ns (72.610%))
  Logic Levels:           20  (CARRY8=5 LUT2=2 LUT3=3 LUT4=1 LUT5=2 LUT6=7)
  Clock Path Skew:        -0.007ns (DCD - SCD + CPR)
    Destination Clock Delay (DCD):    0.021ns = ( 4.639 - 4.618 ) 
    Source Clock Delay      (SCD):    0.028ns
    Clock Pessimism Removal (CPR):    0.000ns
  Clock Uncertainty:      0.035ns  ((TSJ^2 + TIJ^2)^1/2 + DJ) / 2 + PE
    Total System Jitter     (TSJ):    0.071ns
    Total Input Jitter      (TIJ):    0.000ns
    Discrete Jitter          (DJ):    0.000ns
    Phase Error              (PE):    0.000ns

    Location             Delay type                Incr(ns)  Path(ns)    Netlist Resource(s)
  -------------------------------------------------------------------    -------------------
                         (clock core_clk rise edge)
                                                      0.000     0.000 r  
                                                      0.000     0.000 r  core_clk (IN)
                         net (fo=14810, unset)        0.028     0.028    u_fh/u_split/core_clk
                         FDRE                                         r  u_fh/u_split/msglen_reg[6]/C
  -------------------------------------------------------------------    -------------------
                         FDRE (Prop_FDRE_C_Q)         0.077     0.105 f  u_fh/u_split/msglen_reg[6]/Q
                         net (fo=8, unplaced)         0.182     0.287    u_fh/u_split/msglen[6]
                         LUT6 (Prop_LUT6_I0_O)        0.150     0.437 f  u_fh/u_split/FSM_sequential_state[1]_i_84/O
                         net (fo=3, unplaced)         0.191     0.628    u_fh/u_split/FSM_sequential_state[1]_i_84_n_0
                         LUT6 (Prop_LUT6_I5_O)        0.038     0.666 r  u_fh/u_split/FSM_sequential_state[1]_i_65/O
                         net (fo=3, unplaced)         0.191     0.857    u_fh/u_split/FSM_sequential_state[1]_i_65_n_0
                         LUT5 (Prop_LUT5_I0_O)        0.039     0.896 r  u_fh/u_split/FSM_sequential_state[1]_i_57/O
                         net (fo=1, unplaced)         0.022     0.918    u_fh/u_split/FSM_sequential_state[1]_i_57_n_0
                         CARRY8 (Prop_CARRY8_S[7]_CO[7])
                                                      0.124     1.042 r  u_fh/u_split/FSM_sequential_state_reg[1]_i_34/CO[7]
                         net (fo=1, unplaced)         0.005     1.047    u_fh/u_split/FSM_sequential_state_reg[1]_i_34_n_0
                         CARRY8 (Prop_CARRY8_CI_CO[0])
                                                      0.052     1.099 r  u_fh/u_split/FSM_sequential_state_reg[1]_i_14/CO[0]
                         net (fo=32, unplaced)        0.245     1.344    u_fh/u_split/msg_ready0
                         LUT6 (Prop_LUT6_I4_O)        0.038     1.382 f  u_fh/u_split/FSM_sequential_state[1]_i_5/O
                         net (fo=69, unplaced)        0.262     1.644    u_fh/u_split/FSM_sequential_state[1]_i_5_n_0
                         LUT2 (Prop_LUT2_I1_O)        0.038     1.682 r  u_fh/u_split/win[759]_i_2/O
                         net (fo=1054, unplaced)      0.324     2.006    u_fh/u_split/A[7]
                         LUT2 (Prop_LUT2_I1_O)        0.066     2.072 r  u_fh/u_split/win[1023]_i_24/O
                         net (fo=1, unplaced)         0.198     2.270    u_fh/u_split/win[1023]_i_24_n_0
                         CARRY8 (Prop_CARRY8_DI[7]_CO[7])
                                                      0.058     2.328 r  u_fh/u_split/win_reg[1023]_i_11/CO[7]
                         net (fo=1, unplaced)         0.005     2.333    u_fh/u_split/win_reg[1023]_i_11_n_0
                         CARRY8 (Prop_CARRY8_CI_CO[0])
                                                      0.052     2.385 r  u_fh/u_split/win_reg[1023]_i_33/CO[0]
                         net (fo=1, unplaced)         0.185     2.570    u_fh/u_split/win_reg[1023]_i_33_n_7
                         LUT3 (Prop_LUT3_I2_O)        0.038     2.608 f  u_fh/u_split/win[1023]_i_13/O
                         net (fo=9, unplaced)         0.216     2.824    u_fh/u_split/win[1023]_i_13_n_0
                         LUT6 (Prop_LUT6_I5_O)        0.038     2.862 f  u_fh/u_split/win[991]_i_3/O
                         net (fo=120, unplaced)       0.275     3.137    u_fh/u_beat_fifo/rptr_reg[9]_0
                         LUT4 (Prop_LUT4_I2_O)        0.038     3.175 r  u_fh/u_beat_fifo/vcnt[7]_i_83/O
                         net (fo=2, unplaced)         0.185     3.360    u_fh/u_beat_fifo/vcnt[7]_i_83_n_0
                         LUT6 (Prop_LUT6_I5_O)        0.038     3.398 r  u_fh/u_beat_fifo/vcnt[7]_i_68/O
                         net (fo=2, unplaced)         0.140     3.538    u_fh/u_beat_fifo/vcnt[7]_i_68_n_0
                         LUT3 (Prop_LUT3_I0_O)        0.090     3.628 r  u_fh/u_beat_fifo/vcnt[7]_i_93/O
                         net (fo=2, unplaced)         0.185     3.813    u_fh/u_beat_fifo/vcnt[7]_i_93_n_0
                         LUT5 (Prop_LUT5_I4_O)        0.038     3.851 r  u_fh/u_beat_fifo/vcnt[7]_i_55/O
                         net (fo=2, unplaced)         0.185     4.036    u_fh/u_beat_fifo/vcnt[7]_i_55_n_0
                         LUT6 (Prop_LUT6_I5_O)        0.038     4.074 r  u_fh/u_beat_fifo/vcnt[7]_i_26/O
                         net (fo=3, unplaced)         0.191     4.265    u_fh/u_beat_fifo/vcnt[7]_i_26_n_0
                         LUT3 (Prop_LUT3_I0_O)        0.038     4.303 r  u_fh/u_beat_fifo/vcnt[7]_i_6/O
                         net (fo=2, unplaced)         0.185     4.488    u_fh/u_beat_fifo/vcnt[7]_i_6_n_0
                         LUT6 (Prop_LUT6_I3_O)        0.037     4.525 r  u_fh/u_beat_fifo/vcnt[7]_i_14/O
                         net (fo=1, unplaced)         0.028     4.553    u_fh/u_beat_fifo/vcnt[7]_i_14_n_0
                         CARRY8 (Prop_CARRY8_S[2]_O[4])
                                                      0.167     4.720 r  u_fh/u_beat_fifo/vcnt_reg[7]_i_1/O[4]
                         net (fo=1, unplaced)         0.025     4.745    u_fh/u_split/vcnt_reg[7]_2[4]
                         FDRE                                         r  u_fh/u_split/vcnt_reg[4]/D
  -------------------------------------------------------------------    -------------------

                         (clock core_clk rise edge)
                                                      4.618     4.618 r  
                                                      0.000     4.618 r  core_clk (IN)
                         net (fo=14810, unset)        0.021     4.639    u_fh/u_split/core_clk
                         FDRE                                         r  u_fh/u_split/vcnt_reg[4]/C
                         clock pessimism              0.000     4.639    
                         clock uncertainty           -0.035     4.604    
                         FDRE (Setup_FDRE_C_D)        0.025     4.629    u_fh/u_split/vcnt_reg[4]
  -------------------------------------------------------------------
                         required time                          4.629    
                         arrival time                          -4.745    
  -------------------------------------------------------------------
                         slack                                 -0.116    

Slack (VIOLATED) :        -0.036ns  (required time - arrival time)
  Source:                 u_fh/u_split/msglen_reg[6]/C
                            (rising edge-triggered cell FDRE clocked by core_clk  {rise@0.000ns fall@2.309ns period=4.618ns})
  Destination:            u_fh/u_split/vcnt_reg[3]/D
                            (rising edge-triggered cell FDRE clocked by core_clk  {rise@0.000ns fall@2.309ns period=4.618ns})
  Path Group:             core_clk
  Path Type:              Setup (Max at Slow Process Corner)
  Requirement:            4.618ns  (core_clk rise@4.618ns - core_clk rise@0.000ns)
  Data Path Delay:        4.637ns  (logic 1.211ns (26.116%)  route 3.426ns (73.884%))
  Logic Levels:           20  (CARRY8=5 LUT2=2 LUT3=3 LUT4=1 LUT5=2 LUT6=7)
  Clock Path Skew:        -0.007ns (DCD - SCD + CPR)
    Destination Clock Delay (DCD):    0.021ns = ( 4.639 - 4.618 ) 
    Source Clock Delay      (SCD):    0.028ns
    Clock Pessimism Removal (CPR):    0.000ns
  Clock Uncertainty:      0.035ns  ((TSJ^2 + TIJ^2)^1/2 + DJ) / 2 + PE
    Total System Jitter     (TSJ):    0.071ns
    Total Input Jitter      (TIJ):    0.000ns
    Discrete Jitter          (DJ):    0.000ns
    Phase Error              (PE):    0.000ns

    Location             Delay type                Incr(ns)  Path(ns)    Netlist Resource(s)
  -------------------------------------------------------------------    -------------------
                         (clock core_clk rise edge)
                                                      0.000     0.000 r  
                                                      0.000     0.000 r  core_clk (IN)
                         net (fo=14810, unset)        0.028     0.028    u_fh/u_split/core_clk
                         FDRE                                         r  u_fh/u_split/msglen_reg[6]/C
  -------------------------------------------------------------------    -------------------
                         FDRE (Prop_FDRE_C_Q)         0.077     0.105 f  u_fh/u_split/msglen_reg[6]/Q
                         net (fo=8, unplaced)         0.182     0.287    u_fh/u_split/msglen[6]
                         LUT6 (Prop_LUT6_I0_O)        0.150     0.437 f  u_fh/u_split/FSM_sequential_state[1]_i_84/O
                         net (fo=3, unplaced)         0.191     0.628    u_fh/u_split/FSM_sequential_state[1]_i_84_n_0
                         LUT6 (Prop_LUT6_I5_O)        0.038     0.666 r  u_fh/u_split/FSM_sequential_state[1]_i_65/O
                         net (fo=3, unplaced)         0.191     0.857    u_fh/u_split/FSM_sequential_state[1]_i_65_n_0
                         LUT5 (Prop_LUT5_I0_O)        0.039     0.896 r  u_fh/u_split/FSM_sequential_state[1]_i_57/O
                         net (fo=1, unplaced)         0.022     0.918    u_fh/u_split/FSM_sequential_state[1]_i_57_n_0
                         CARRY8 (Prop_CARRY8_S[7]_CO[7])
                                                      0.124     1.042 r  u_fh/u_split/FSM_sequential_state_reg[1]_i_34/CO[7]
                         net (fo=1, unplaced)         0.005     1.047    u_fh/u_split/FSM_sequential_state_reg[1]_i_34_n_0
                         CARRY8 (Prop_CARRY8_CI_CO[0])
                                                      0.052     1.099 r  u_fh/u_split/FSM_sequential_state_reg[1]_i_14/CO[0]
                         net (fo=32, unplaced)        0.245     1.344    u_fh/u_split/msg_ready0
                         LUT6 (Prop_LUT6_I4_O)        0.038     1.382 f  u_fh/u_split/FSM_sequential_state[1]_i_5/O
                         net (fo=69, unplaced)        0.262     1.644    u_fh/u_split/FSM_sequential_state[1]_i_5_n_0
                         LUT2 (Prop_LUT2_I1_O)        0.038     1.682 r  u_fh/u_split/win[759]_i_2/O
                         net (fo=1054, unplaced)      0.324     2.006    u_fh/u_split/A[7]
                         LUT2 (Prop_LUT2_I1_O)        0.066     2.072 r  u_fh/u_split/win[1023]_i_24/O
                         net (fo=1, unplaced)         0.198     2.270    u_fh/u_split/win[1023]_i_24_n_0
                         CARRY8 (Prop_CARRY8_DI[7]_CO[7])
                                                      0.058     2.328 r  u_fh/u_split/win_reg[1023]_i_11/CO[7]
                         net (fo=1, unplaced)         0.005     2.333    u_fh/u_split/win_reg[1023]_i_11_n_0
                         CARRY8 (Prop_CARRY8_CI_CO[0])
                                                      0.052     2.385 r  u_fh/u_split/win_reg[1023]_i_33/CO[0]
                         net (fo=1, unplaced)         0.185     2.570    u_fh/u_split/win_reg[1023]_i_33_n_7
                         LUT3 (Prop_LUT3_I2_O)        0.038     2.608 f  u_fh/u_split/win[1023]_i_13/O
                         net (fo=9, unplaced)         0.216     2.824    u_fh/u_split/win[1023]_i_13_n_0
                         LUT6 (Prop_LUT6_I5_O)        0.038     2.862 f  u_fh/u_split/win[991]_i_3/O
                         net (fo=120, unplaced)       0.275     3.137    u_fh/u_beat_fifo/rptr_reg[9]_0
                         LUT4 (Prop_LUT4_I2_O)        0.038     3.175 r  u_fh/u_beat_fifo/vcnt[7]_i_83/O
                         net (fo=2, unplaced)         0.185     3.360    u_fh/u_beat_fifo/vcnt[7]_i_83_n_0
                         LUT6 (Prop_LUT6_I5_O)        0.038     3.398 r  u_fh/u_beat_fifo/vcnt[7]_i_68/O
                         net (fo=2, unplaced)         0.140     3.538    u_fh/u_beat_fifo/vcnt[7]_i_68_n_0
                         LUT3 (Prop_LUT3_I0_O)        0.090     3.628 r  u_fh/u_beat_fifo/vcnt[7]_i_93/O
                         net (fo=2, unplaced)         0.185     3.813    u_fh/u_beat_fifo/vcnt[7]_i_93_n_0
                         LUT5 (Prop_LUT5_I4_O)        0.038     3.851 r  u_fh/u_beat_fifo/vcnt[7]_i_55/O
                         net (fo=2, unplaced)         0.185     4.036    u_fh/u_beat_fifo/vcnt[7]_i_55_n_0
                         LUT6 (Prop_LUT6_I5_O)        0.038     4.074 r  u_fh/u_beat_fifo/vcnt[7]_i_26/O
                         net (fo=3, unplaced)         0.191     4.265    u_fh/u_beat_fifo/vcnt[7]_i_26_n_0
                         LUT3 (Prop_LUT3_I0_O)        0.038     4.303 r  u_fh/u_beat_fifo/vcnt[7]_i_6/O
                         net (fo=2, unplaced)         0.185     4.488    u_fh/u_beat_fifo/vcnt[7]_i_6_n_0
                         LUT6 (Prop_LUT6_I3_O)        0.037     4.525 r  u_fh/u_beat_fifo/vcnt[7]_i_14/O
                         net (fo=1, unplaced)         0.028     4.553    u_fh/u_beat_fifo/vcnt[7]_i_14_n_0
                         CARRY8 (Prop_CARRY8_S[2]_O[3])
                                                      0.086     4.639 r  u_fh/u_beat_fifo/vcnt_reg[7]_i_1/O[3]
                         net (fo=1, unplaced)         0.026     4.665    u_fh/u_split/vcnt_reg[7]_2[3]
                         FDRE                                         r  u_fh/u_split/vcnt_reg[3]/D
  -------------------------------------------------------------------    -------------------

                         (clock core_clk rise edge)
                                                      4.618     4.618 r  
                                                      0.000     4.618 r  core_clk (IN)
                         net (fo=14810, unset)        0.021     4.639    u_fh/u_split/core_clk
                         FDRE                                         r  u_fh/u_split/vcnt_reg[3]/C
                         clock pessimism              0.000     4.639    
                         clock uncertainty           -0.035     4.604    
                         FDRE (Setup_FDRE_C_D)        0.025     4.629    u_fh/u_split/vcnt_reg[3]
  -------------------------------------------------------------------
                         required time                          4.629    
                         arrival time                          -4.665    
  -------------------------------------------------------------------
                         slack                                 -0.036    

Slack (VIOLATED) :        -0.012ns  (required time - arrival time)
  Source:                 u_fh/u_ladder/askq_reg_uram_0/CLK
                            (rising edge-triggered cell URAM288 clocked by core_clk  {rise@0.000ns fall@2.309ns period=4.618ns})
  Destination:            u_fh/u_ladder/ask_gany_reg[0]/D
                            (rising edge-triggered cell FDRE clocked by core_clk  {rise@0.000ns fall@2.309ns period=4.618ns})
  Path Group:             core_clk
  Path Type:              Setup (Max at Slow Process Corner)
  Requirement:            4.618ns  (core_clk rise@4.618ns - core_clk rise@0.000ns)
  Data Path Delay:        4.557ns  (logic 2.087ns (45.798%)  route 2.470ns (54.202%))
  Logic Levels:           12  (CARRY8=2 LUT3=1 LUT4=1 LUT5=1 LUT6=7)
  Clock Path Skew:        -0.063ns (DCD - SCD + CPR)
    Destination Clock Delay (DCD):    0.020ns = ( 4.638 - 4.618 ) 
    Source Clock Delay      (SCD):    0.083ns
    Clock Pessimism Removal (CPR):    0.000ns
  Clock Uncertainty:      0.035ns  ((TSJ^2 + TIJ^2)^1/2 + DJ) / 2 + PE
    Total System Jitter     (TSJ):    0.071ns
    Total Input Jitter      (TIJ):    0.000ns
    Discrete Jitter          (DJ):    0.000ns
    Phase Error              (PE):    0.000ns

    Location             Delay type                Incr(ns)  Path(ns)    Netlist Resource(s)
  -------------------------------------------------------------------    -------------------
                         (clock core_clk rise edge)
                                                      0.000     0.000 r  
                                                      0.000     0.000 r  core_clk (IN)
                         net (fo=14810, unset)        0.083     0.083    u_fh/u_ladder/core_clk
                         URAM288                                      r  u_fh/u_ladder/askq_reg_uram_0/CLK
  -------------------------------------------------------------------    -------------------
                         URAM288 (Prop_URAM288_CLK_DOUT_A[1])
                                                      1.279     1.362 r  u_fh/u_ladder/askq_reg_uram_0/DOUT_A[1]
                         net (fo=5, unplaced)         0.293     1.655    u_fh/u_ladder/aq_rdata[1]
                         LUT3 (Prop_LUT3_I1_O)        0.053     1.708 r  u_fh/u_ladder/r_rem_new[31]_i_68/O
                         net (fo=2, unplaced)         0.185     1.893    u_fh/u_ladder/r_rem_new[31]_i_68_n_0
                         LUT6 (Prop_LUT6_I5_O)        0.038     1.931 r  u_fh/u_ladder/r_rem_new[31]_i_44/O
                         net (fo=1, unplaced)         0.233     2.164    u_fh/u_ladder/r_rem_new[31]_i_44_n_0
                         CARRY8 (Prop_CARRY8_DI[0]_CO[7])
                                                      0.140     2.304 r  u_fh/u_ladder/r_rem_new_reg[31]_i_5/CO[7]
                         net (fo=1, unplaced)         0.005     2.309    u_fh/u_ladder/r_rem_new_reg[31]_i_5_n_0
                         CARRY8 (Prop_CARRY8_CI_CO[7])
                                                      0.022     2.331 r  u_fh/u_ladder/r_rem_new_reg[31]_i_3/CO[7]
                         net (fo=112, unplaced)       0.299     2.630    u_fh/u_ladder/r_rem_new_reg[31]_i_3_n_0
                         LUT6 (Prop_LUT6_I2_O)        0.053     2.683 r  u_fh/u_ladder/askocc[4095]_i_25/O
                         net (fo=1, unplaced)         0.141     2.824    u_fh/u_ladder/askocc[4095]_i_25_n_0
                         LUT4 (Prop_LUT4_I0_O)        0.100     2.924 r  u_fh/u_ladder/askocc[4095]_i_24/O
                         net (fo=1, unplaced)         0.185     3.109    u_fh/u_ladder/askocc[4095]_i_24_n_0
                         LUT5 (Prop_LUT5_I4_O)        0.038     3.147 f  u_fh/u_ladder/askocc[4095]_i_10/O
                         net (fo=44, unplaced)        0.252     3.399    u_fh/u_ladder/askocc[4095]_i_10_n_0
                         LUT6 (Prop_LUT6_I5_O)        0.038     3.437 r  u_fh/u_ladder/bidocc[4095]_i_2/O
                         net (fo=1031, unplaced)      0.323     3.760    u_fh/u_ladder/bidocc[4095]_i_2_n_0
                         LUT6 (Prop_LUT6_I2_O)        0.038     3.798 r  u_fh/u_ladder/ask_gany[63]_i_17/O
                         net (fo=1, unplaced)         0.105     3.903    u_fh/u_ladder/ask_gany[63]_i_17_n_0
                         LUT6 (Prop_LUT6_I0_O)        0.150     4.053 r  u_fh/u_ladder/ask_gany[63]_i_5/O
                         net (fo=1, unplaced)         0.141     4.194    u_fh/u_ladder/ask_gany[63]_i_5_n_0
                         LUT6 (Prop_LUT6_I1_O)        0.100     4.294 r  u_fh/u_ladder/ask_gany[63]_i_2/O
                         net (fo=64, unplaced)        0.260     4.554    u_fh/u_ladder/p_2_in[0]
                         LUT6 (Prop_LUT6_I3_O)        0.038     4.592 r  u_fh/u_ladder/ask_gany[0]_i_1/O
                         net (fo=1, unplaced)         0.048     4.640    u_fh/u_ladder/ask_gany[0]_i_1_n_0
                         FDRE                                         r  u_fh/u_ladder/ask_gany_reg[0]/D
  -------------------------------------------------------------------    -------------------

                         (clock core_clk rise edge)
                                                      4.618     4.618 r  
                                                      0.000     4.618 r  core_clk (IN)
                         net (fo=14810, unset)        0.020     4.638    u_fh/u_ladder/core_clk
                         FDRE                                         r  u_fh/u_ladder/ask_gany_reg[0]/C
                         clock pessimism              0.000     4.638    
                         clock uncertainty           -0.035     4.603    
                         FDRE (Setup_FDRE_C_D)        0.025     4.628    u_fh/u_ladder/ask_gany_reg[0]
  -------------------------------------------------------------------
                         required time                          4.628    
                         arrival time                          -4.640    
  -------------------------------------------------------------------
                         slack                                 -0.012    

Slack (VIOLATED) :        -0.012ns  (required time - arrival time)
  Source:                 u_fh/u_ladder/askq_reg_uram_0/CLK
                            (rising edge-triggered cell URAM288 clocked by core_clk  {rise@0.000ns fall@2.309ns period=4.618ns})
  Destination:            u_fh/u_ladder/ask_gany_reg[10]/D
                            (rising edge-triggered cell FDRE clocked by core_clk  {rise@0.000ns fall@2.309ns period=4.618ns})
  Path Group:             core_clk
  Path Type:              Setup (Max at Slow Process Corner)
  Requirement:            4.618ns  (core_clk rise@4.618ns - core_clk rise@0.000ns)
  Data Path Delay:        4.557ns  (logic 2.087ns (45.798%)  route 2.470ns (54.202%))
  Logic Levels:           12  (CARRY8=2 LUT3=1 LUT4=1 LUT5=1 LUT6=7)
  Clock Path Skew:        -0.063ns (DCD - SCD + CPR)
    Destination Clock Delay (DCD):    0.020ns = ( 4.638 - 4.618 ) 
    Source Clock Delay      (SCD):    0.083ns
    Clock Pessimism Removal (CPR):    0.000ns
  Clock Uncertainty:      0.035ns  ((TSJ^2 + TIJ^2)^1/2 + DJ) / 2 + PE
    Total System Jitter     (TSJ):    0.071ns
    Total Input Jitter      (TIJ):    0.000ns
    Discrete Jitter          (DJ):    0.000ns
    Phase Error              (PE):    0.000ns

    Location             Delay type                Incr(ns)  Path(ns)    Netlist Resource(s)
  -------------------------------------------------------------------    -------------------
                         (clock core_clk rise edge)
                                                      0.000     0.000 r  
                                                      0.000     0.000 r  core_clk (IN)
                         net (fo=14810, unset)        0.083     0.083    u_fh/u_ladder/core_clk
                         URAM288                                      r  u_fh/u_ladder/askq_reg_uram_0/CLK
  -------------------------------------------------------------------    -------------------
                         URAM288 (Prop_URAM288_CLK_DOUT_A[1])
                                                      1.279     1.362 r  u_fh/u_ladder/askq_reg_uram_0/DOUT_A[1]
                         net (fo=5, unplaced)         0.293     1.655    u_fh/u_ladder/aq_rdata[1]
                         LUT3 (Prop_LUT3_I1_O)        0.053     1.708 r  u_fh/u_ladder/r_rem_new[31]_i_68/O
                         net (fo=2, unplaced)         0.185     1.893    u_fh/u_ladder/r_rem_new[31]_i_68_n_0
                         LUT6 (Prop_LUT6_I5_O)        0.038     1.931 r  u_fh/u_ladder/r_rem_new[31]_i_44/O
                         net (fo=1, unplaced)         0.233     2.164    u_fh/u_ladder/r_rem_new[31]_i_44_n_0
                         CARRY8 (Prop_CARRY8_DI[0]_CO[7])
                                                      0.140     2.304 r  u_fh/u_ladder/r_rem_new_reg[31]_i_5/CO[7]
                         net (fo=1, unplaced)         0.005     2.309    u_fh/u_ladder/r_rem_new_reg[31]_i_5_n_0
                         CARRY8 (Prop_CARRY8_CI_CO[7])
                                                      0.022     2.331 r  u_fh/u_ladder/r_rem_new_reg[31]_i_3/CO[7]
                         net (fo=112, unplaced)       0.299     2.630    u_fh/u_ladder/r_rem_new_reg[31]_i_3_n_0
                         LUT6 (Prop_LUT6_I2_O)        0.053     2.683 r  u_fh/u_ladder/askocc[4095]_i_25/O
                         net (fo=1, unplaced)         0.141     2.824    u_fh/u_ladder/askocc[4095]_i_25_n_0
                         LUT4 (Prop_LUT4_I0_O)        0.100     2.924 r  u_fh/u_ladder/askocc[4095]_i_24/O
                         net (fo=1, unplaced)         0.185     3.109    u_fh/u_ladder/askocc[4095]_i_24_n_0
                         LUT5 (Prop_LUT5_I4_O)        0.038     3.147 f  u_fh/u_ladder/askocc[4095]_i_10/O
                         net (fo=44, unplaced)        0.252     3.399    u_fh/u_ladder/askocc[4095]_i_10_n_0
                         LUT6 (Prop_LUT6_I5_O)        0.038     3.437 r  u_fh/u_ladder/bidocc[4095]_i_2/O
                         net (fo=1031, unplaced)      0.323     3.760    u_fh/u_ladder/bidocc[4095]_i_2_n_0
                         LUT6 (Prop_LUT6_I2_O)        0.038     3.798 r  u_fh/u_ladder/ask_gany[63]_i_17/O
                         net (fo=1, unplaced)         0.105     3.903    u_fh/u_ladder/ask_gany[63]_i_17_n_0
                         LUT6 (Prop_LUT6_I0_O)        0.150     4.053 r  u_fh/u_ladder/ask_gany[63]_i_5/O
                         net (fo=1, unplaced)         0.141     4.194    u_fh/u_ladder/ask_gany[63]_i_5_n_0
                         LUT6 (Prop_LUT6_I1_O)        0.100     4.294 r  u_fh/u_ladder/ask_gany[63]_i_2/O
                         net (fo=64, unplaced)        0.260     4.554    u_fh/u_ladder/p_2_in[0]
                         LUT6 (Prop_LUT6_I3_O)        0.038     4.592 r  u_fh/u_ladder/ask_gany[10]_i_1/O
                         net (fo=1, unplaced)         0.048     4.640    u_fh/u_ladder/ask_gany[10]_i_1_n_0
                         FDRE                                         r  u_fh/u_ladder/ask_gany_reg[10]/D
  -------------------------------------------------------------------    -------------------

                         (clock core_clk rise edge)
                                                      4.618     4.618 r  
                                                      0.000     4.618 r  core_clk (IN)
                         net (fo=14810, unset)        0.020     4.638    u_fh/u_ladder/core_clk
                         FDRE                                         r  u_fh/u_ladder/ask_gany_reg[10]/C
                         clock pessimism              0.000     4.638    
                         clock uncertainty           -0.035     4.603    
                         FDRE (Setup_FDRE_C_D)        0.025     4.628    u_fh/u_ladder/ask_gany_reg[10]
  -------------------------------------------------------------------
                         required time                          4.628    
                         arrival time                          -4.640    
  -------------------------------------------------------------------
                         slack                                 -0.012    

Slack (VIOLATED) :        -0.012ns  (required time - arrival time)
  Source:                 u_fh/u_ladder/askq_reg_uram_0/CLK
                            (rising edge-triggered cell URAM288 clocked by core_clk  {rise@0.000ns fall@2.309ns period=4.618ns})
  Destination:            u_fh/u_ladder/ask_gany_reg[11]/D
                            (rising edge-triggered cell FDRE clocked by core_clk  {rise@0.000ns fall@2.309ns period=4.618ns})
  Path Group:             core_clk
  Path Type:              Setup (Max at Slow Process Corner)
  Requirement:            4.618ns  (core_clk rise@4.618ns - core_clk rise@0.000ns)
  Data Path Delay:        4.557ns  (logic 2.087ns (45.798%)  route 2.470ns (54.202%))
  Logic Levels:           12  (CARRY8=2 LUT3=1 LUT4=1 LUT5=1 LUT6=7)
  Clock Path Skew:        -0.063ns (DCD - SCD + CPR)
    Destination Clock Delay (DCD):    0.020ns = ( 4.638 - 4.618 ) 
    Source Clock Delay      (SCD):    0.083ns
    Clock Pessimism Removal (CPR):    0.000ns
  Clock Uncertainty:      0.035ns  ((TSJ^2 + TIJ^2)^1/2 + DJ) / 2 + PE
    Total System Jitter     (TSJ):    0.071ns
    Total Input Jitter      (TIJ):    0.000ns
    Discrete Jitter          (DJ):    0.000ns
    Phase Error              (PE):    0.000ns

    Location             Delay type                Incr(ns)  Path(ns)    Netlist Resource(s)
  -------------------------------------------------------------------    -------------------
                         (clock core_clk rise edge)
                                                      0.000     0.000 r  
                                                      0.000     0.000 r  core_clk (IN)
                         net (fo=14810, unset)        0.083     0.083    u_fh/u_ladder/core_clk
                         URAM288                                      r  u_fh/u_ladder/askq_reg_uram_0/CLK
  -------------------------------------------------------------------    -------------------
                         URAM288 (Prop_URAM288_CLK_DOUT_A[1])
                                                      1.279     1.362 r  u_fh/u_ladder/askq_reg_uram_0/DOUT_A[1]
                         net (fo=5, unplaced)         0.293     1.655    u_fh/u_ladder/aq_rdata[1]
                         LUT3 (Prop_LUT3_I1_O)        0.053     1.708 r  u_fh/u_ladder/r_rem_new[31]_i_68/O
                         net (fo=2, unplaced)         0.185     1.893    u_fh/u_ladder/r_rem_new[31]_i_68_n_0
                         LUT6 (Prop_LUT6_I5_O)        0.038     1.931 r  u_fh/u_ladder/r_rem_new[31]_i_44/O
                         net (fo=1, unplaced)         0.233     2.164    u_fh/u_ladder/r_rem_new[31]_i_44_n_0
                         CARRY8 (Prop_CARRY8_DI[0]_CO[7])
                                                      0.140     2.304 r  u_fh/u_ladder/r_rem_new_reg[31]_i_5/CO[7]
                         net (fo=1, unplaced)         0.005     2.309    u_fh/u_ladder/r_rem_new_reg[31]_i_5_n_0
                         CARRY8 (Prop_CARRY8_CI_CO[7])
                                                      0.022     2.331 r  u_fh/u_ladder/r_rem_new_reg[31]_i_3/CO[7]
                         net (fo=112, unplaced)       0.299     2.630    u_fh/u_ladder/r_rem_new_reg[31]_i_3_n_0
                         LUT6 (Prop_LUT6_I2_O)        0.053     2.683 r  u_fh/u_ladder/askocc[4095]_i_25/O
                         net (fo=1, unplaced)         0.141     2.824    u_fh/u_ladder/askocc[4095]_i_25_n_0
                         LUT4 (Prop_LUT4_I0_O)        0.100     2.924 r  u_fh/u_ladder/askocc[4095]_i_24/O
                         net (fo=1, unplaced)         0.185     3.109    u_fh/u_ladder/askocc[4095]_i_24_n_0
                         LUT5 (Prop_LUT5_I4_O)        0.038     3.147 f  u_fh/u_ladder/askocc[4095]_i_10/O
                         net (fo=44, unplaced)        0.252     3.399    u_fh/u_ladder/askocc[4095]_i_10_n_0
                         LUT6 (Prop_LUT6_I5_O)        0.038     3.437 r  u_fh/u_ladder/bidocc[4095]_i_2/O
                         net (fo=1031, unplaced)      0.323     3.760    u_fh/u_ladder/bidocc[4095]_i_2_n_0
                         LUT6 (Prop_LUT6_I2_O)        0.038     3.798 r  u_fh/u_ladder/ask_gany[63]_i_17/O
                         net (fo=1, unplaced)         0.105     3.903    u_fh/u_ladder/ask_gany[63]_i_17_n_0
                         LUT6 (Prop_LUT6_I0_O)        0.150     4.053 r  u_fh/u_ladder/ask_gany[63]_i_5/O
                         net (fo=1, unplaced)         0.141     4.194    u_fh/u_ladder/ask_gany[63]_i_5_n_0
                         LUT6 (Prop_LUT6_I1_O)        0.100     4.294 r  u_fh/u_ladder/ask_gany[63]_i_2/O
                         net (fo=64, unplaced)        0.260     4.554    u_fh/u_ladder/p_2_in[0]
                         LUT6 (Prop_LUT6_I3_O)        0.038     4.592 r  u_fh/u_ladder/ask_gany[11]_i_1/O
                         net (fo=1, unplaced)         0.048     4.640    u_fh/u_ladder/ask_gany[11]_i_1_n_0
                         FDRE                                         r  u_fh/u_ladder/ask_gany_reg[11]/D
  -------------------------------------------------------------------    -------------------

                         (clock core_clk rise edge)
                                                      4.618     4.618 r  
                                                      0.000     4.618 r  core_clk (IN)
                         net (fo=14810, unset)        0.020     4.638    u_fh/u_ladder/core_clk
                         FDRE                                         r  u_fh/u_ladder/ask_gany_reg[11]/C
                         clock pessimism              0.000     4.638    
                         clock uncertainty           -0.035     4.603    
                         FDRE (Setup_FDRE_C_D)        0.025     4.628    u_fh/u_ladder/ask_gany_reg[11]
  -------------------------------------------------------------------
                         required time                          4.628    
                         arrival time                          -4.640    
  -------------------------------------------------------------------
                         slack                                 -0.012    

Slack (VIOLATED) :        -0.012ns  (required time - arrival time)
  Source:                 u_fh/u_ladder/askq_reg_uram_0/CLK
                            (rising edge-triggered cell URAM288 clocked by core_clk  {rise@0.000ns fall@2.309ns period=4.618ns})
  Destination:            u_fh/u_ladder/ask_gany_reg[12]/D
                            (rising edge-triggered cell FDRE clocked by core_clk  {rise@0.000ns fall@2.309ns period=4.618ns})
  Path Group:             core_clk
  Path Type:              Setup (Max at Slow Process Corner)
  Requirement:            4.618ns  (core_clk rise@4.618ns - core_clk rise@0.000ns)
  Data Path Delay:        4.557ns  (logic 2.087ns (45.798%)  route 2.470ns (54.202%))
  Logic Levels:           12  (CARRY8=2 LUT3=1 LUT4=1 LUT5=1 LUT6=7)
  Clock Path Skew:        -0.063ns (DCD - SCD + CPR)
    Destination Clock Delay (DCD):    0.020ns = ( 4.638 - 4.618 ) 
    Source Clock Delay      (SCD):    0.083ns
    Clock Pessimism Removal (CPR):    0.000ns
  Clock Uncertainty:      0.035ns  ((TSJ^2 + TIJ^2)^1/2 + DJ) / 2 + PE
    Total System Jitter     (TSJ):    0.071ns
    Total Input Jitter      (TIJ):    0.000ns
    Discrete Jitter          (DJ):    0.000ns
    Phase Error              (PE):    0.000ns

    Location             Delay type                Incr(ns)  Path(ns)    Netlist Resource(s)
  -------------------------------------------------------------------    -------------------
                         (clock core_clk rise edge)
                                                      0.000     0.000 r  
                                                      0.000     0.000 r  core_clk (IN)
                         net (fo=14810, unset)        0.083     0.083    u_fh/u_ladder/core_clk
                         URAM288                                      r  u_fh/u_ladder/askq_reg_uram_0/CLK
  -------------------------------------------------------------------    -------------------
                         URAM288 (Prop_URAM288_CLK_DOUT_A[1])
                                                      1.279     1.362 r  u_fh/u_ladder/askq_reg_uram_0/DOUT_A[1]
                         net (fo=5, unplaced)         0.293     1.655    u_fh/u_ladder/aq_rdata[1]
                         LUT3 (Prop_LUT3_I1_O)        0.053     1.708 r  u_fh/u_ladder/r_rem_new[31]_i_68/O
                         net (fo=2, unplaced)         0.185     1.893    u_fh/u_ladder/r_rem_new[31]_i_68_n_0
                         LUT6 (Prop_LUT6_I5_O)        0.038     1.931 r  u_fh/u_ladder/r_rem_new[31]_i_44/O
                         net (fo=1, unplaced)         0.233     2.164    u_fh/u_ladder/r_rem_new[31]_i_44_n_0
                         CARRY8 (Prop_CARRY8_DI[0]_CO[7])
                                                      0.140     2.304 r  u_fh/u_ladder/r_rem_new_reg[31]_i_5/CO[7]
                         net (fo=1, unplaced)         0.005     2.309    u_fh/u_ladder/r_rem_new_reg[31]_i_5_n_0
                         CARRY8 (Prop_CARRY8_CI_CO[7])
                                                      0.022     2.331 r  u_fh/u_ladder/r_rem_new_reg[31]_i_3/CO[7]
                         net (fo=112, unplaced)       0.299     2.630    u_fh/u_ladder/r_rem_new_reg[31]_i_3_n_0
                         LUT6 (Prop_LUT6_I2_O)        0.053     2.683 r  u_fh/u_ladder/askocc[4095]_i_25/O
                         net (fo=1, unplaced)         0.141     2.824    u_fh/u_ladder/askocc[4095]_i_25_n_0
                         LUT4 (Prop_LUT4_I0_O)        0.100     2.924 r  u_fh/u_ladder/askocc[4095]_i_24/O
                         net (fo=1, unplaced)         0.185     3.109    u_fh/u_ladder/askocc[4095]_i_24_n_0
                         LUT5 (Prop_LUT5_I4_O)        0.038     3.147 f  u_fh/u_ladder/askocc[4095]_i_10/O
                         net (fo=44, unplaced)        0.252     3.399    u_fh/u_ladder/askocc[4095]_i_10_n_0
                         LUT6 (Prop_LUT6_I5_O)        0.038     3.437 r  u_fh/u_ladder/bidocc[4095]_i_2/O
                         net (fo=1031, unplaced)      0.323     3.760    u_fh/u_ladder/bidocc[4095]_i_2_n_0
                         LUT6 (Prop_LUT6_I2_O)        0.038     3.798 r  u_fh/u_ladder/ask_gany[63]_i_17/O
                         net (fo=1, unplaced)         0.105     3.903    u_fh/u_ladder/ask_gany[63]_i_17_n_0
                         LUT6 (Prop_LUT6_I0_O)        0.150     4.053 r  u_fh/u_ladder/ask_gany[63]_i_5/O
                         net (fo=1, unplaced)         0.141     4.194    u_fh/u_ladder/ask_gany[63]_i_5_n_0
                         LUT6 (Prop_LUT6_I1_O)        0.100     4.294 r  u_fh/u_ladder/ask_gany[63]_i_2/O
                         net (fo=64, unplaced)        0.260     4.554    u_fh/u_ladder/p_2_in[0]
                         LUT6 (Prop_LUT6_I3_O)        0.038     4.592 r  u_fh/u_ladder/ask_gany[12]_i_1/O
                         net (fo=1, unplaced)         0.048     4.640    u_fh/u_ladder/ask_gany[12]_i_1_n_0
                         FDRE                                         r  u_fh/u_ladder/ask_gany_reg[12]/D
  -------------------------------------------------------------------    -------------------

                         (clock core_clk rise edge)
                                                      4.618     4.618 r  
                                                      0.000     4.618 r  core_clk (IN)
                         net (fo=14810, unset)        0.020     4.638    u_fh/u_ladder/core_clk
                         FDRE                                         r  u_fh/u_ladder/ask_gany_reg[12]/C
                         clock pessimism              0.000     4.638    
                         clock uncertainty           -0.035     4.603    
                         FDRE (Setup_FDRE_C_D)        0.025     4.628    u_fh/u_ladder/ask_gany_reg[12]
  -------------------------------------------------------------------
                         required time                          4.628    
                         arrival time                          -4.640    
  -------------------------------------------------------------------
                         slack                                 -0.012    

Slack (VIOLATED) :        -0.012ns  (required time - arrival time)
  Source:                 u_fh/u_ladder/askq_reg_uram_0/CLK
                            (rising edge-triggered cell URAM288 clocked by core_clk  {rise@0.000ns fall@2.309ns period=4.618ns})
  Destination:            u_fh/u_ladder/ask_gany_reg[13]/D
                            (rising edge-triggered cell FDRE clocked by core_clk  {rise@0.000ns fall@2.309ns period=4.618ns})
  Path Group:             core_clk
  Path Type:              Setup (Max at Slow Process Corner)
  Requirement:            4.618ns  (core_clk rise@4.618ns - core_clk rise@0.000ns)
  Data Path Delay:        4.557ns  (logic 2.087ns (45.798%)  route 2.470ns (54.202%))
  Logic Levels:           12  (CARRY8=2 LUT3=1 LUT4=1 LUT5=1 LUT6=7)
  Clock Path Skew:        -0.063ns (DCD - SCD + CPR)
    Destination Clock Delay (DCD):    0.020ns = ( 4.638 - 4.618 ) 
    Source Clock Delay      (SCD):    0.083ns
    Clock Pessimism Removal (CPR):    0.000ns
  Clock Uncertainty:      0.035ns  ((TSJ^2 + TIJ^2)^1/2 + DJ) / 2 + PE
    Total System Jitter     (TSJ):    0.071ns
    Total Input Jitter      (TIJ):    0.000ns
    Discrete Jitter          (DJ):    0.000ns
    Phase Error              (PE):    0.000ns

    Location             Delay type                Incr(ns)  Path(ns)    Netlist Resource(s)
  -------------------------------------------------------------------    -------------------
                         (clock core_clk rise edge)
                                                      0.000     0.000 r  
                                                      0.000     0.000 r  core_clk (IN)
                         net (fo=14810, unset)        0.083     0.083    u_fh/u_ladder/core_clk
                         URAM288                                      r  u_fh/u_ladder/askq_reg_uram_0/CLK
  -------------------------------------------------------------------    -------------------
                         URAM288 (Prop_URAM288_CLK_DOUT_A[1])
                                                      1.279     1.362 r  u_fh/u_ladder/askq_reg_uram_0/DOUT_A[1]
                         net (fo=5, unplaced)         0.293     1.655    u_fh/u_ladder/aq_rdata[1]
                         LUT3 (Prop_LUT3_I1_O)        0.053     1.708 r  u_fh/u_ladder/r_rem_new[31]_i_68/O
                         net (fo=2, unplaced)         0.185     1.893    u_fh/u_ladder/r_rem_new[31]_i_68_n_0
                         LUT6 (Prop_LUT6_I5_O)        0.038     1.931 r  u_fh/u_ladder/r_rem_new[31]_i_44/O
                         net (fo=1, unplaced)         0.233     2.164    u_fh/u_ladder/r_rem_new[31]_i_44_n_0
                         CARRY8 (Prop_CARRY8_DI[0]_CO[7])
                                                      0.140     2.304 r  u_fh/u_ladder/r_rem_new_reg[31]_i_5/CO[7]
                         net (fo=1, unplaced)         0.005     2.309    u_fh/u_ladder/r_rem_new_reg[31]_i_5_n_0
                         CARRY8 (Prop_CARRY8_CI_CO[7])
                                                      0.022     2.331 r  u_fh/u_ladder/r_rem_new_reg[31]_i_3/CO[7]
                         net (fo=112, unplaced)       0.299     2.630    u_fh/u_ladder/r_rem_new_reg[31]_i_3_n_0
                         LUT6 (Prop_LUT6_I2_O)        0.053     2.683 r  u_fh/u_ladder/askocc[4095]_i_25/O
                         net (fo=1, unplaced)         0.141     2.824    u_fh/u_ladder/askocc[4095]_i_25_n_0
                         LUT4 (Prop_LUT4_I0_O)        0.100     2.924 r  u_fh/u_ladder/askocc[4095]_i_24/O
                         net (fo=1, unplaced)         0.185     3.109    u_fh/u_ladder/askocc[4095]_i_24_n_0
                         LUT5 (Prop_LUT5_I4_O)        0.038     3.147 f  u_fh/u_ladder/askocc[4095]_i_10/O
                         net (fo=44, unplaced)        0.252     3.399    u_fh/u_ladder/askocc[4095]_i_10_n_0
                         LUT6 (Prop_LUT6_I5_O)        0.038     3.437 r  u_fh/u_ladder/bidocc[4095]_i_2/O
                         net (fo=1031, unplaced)      0.323     3.760    u_fh/u_ladder/bidocc[4095]_i_2_n_0
                         LUT6 (Prop_LUT6_I2_O)        0.038     3.798 r  u_fh/u_ladder/ask_gany[63]_i_17/O
                         net (fo=1, unplaced)         0.105     3.903    u_fh/u_ladder/ask_gany[63]_i_17_n_0
                         LUT6 (Prop_LUT6_I0_O)        0.150     4.053 r  u_fh/u_ladder/ask_gany[63]_i_5/O
                         net (fo=1, unplaced)         0.141     4.194    u_fh/u_ladder/ask_gany[63]_i_5_n_0
                         LUT6 (Prop_LUT6_I1_O)        0.100     4.294 r  u_fh/u_ladder/ask_gany[63]_i_2/O
                         net (fo=64, unplaced)        0.260     4.554    u_fh/u_ladder/p_2_in[0]
                         LUT6 (Prop_LUT6_I3_O)        0.038     4.592 r  u_fh/u_ladder/ask_gany[13]_i_1/O
                         net (fo=1, unplaced)         0.048     4.640    u_fh/u_ladder/ask_gany[13]_i_1_n_0
                         FDRE                                         r  u_fh/u_ladder/ask_gany_reg[13]/D
  -------------------------------------------------------------------    -------------------

                         (clock core_clk rise edge)
                                                      4.618     4.618 r  
                                                      0.000     4.618 r  core_clk (IN)
                         net (fo=14810, unset)        0.020     4.638    u_fh/u_ladder/core_clk
                         FDRE                                         r  u_fh/u_ladder/ask_gany_reg[13]/C
                         clock pessimism              0.000     4.638    
                         clock uncertainty           -0.035     4.603    
                         FDRE (Setup_FDRE_C_D)        0.025     4.628    u_fh/u_ladder/ask_gany_reg[13]
  -------------------------------------------------------------------
                         required time                          4.628    
                         arrival time                          -4.640    
  -------------------------------------------------------------------
                         slack                                 -0.012    





Pulse Width Checks
--------------------------------------------------------------------------------------
Clock Name:         core_clk
Waveform(ns):       { 0.000 2.309 }
Period(ns):         4.618
Sources:            { core_clk }

Check Type        Corner  Lib Pin             Reference Pin  Required(ns)  Actual(ns)  Slack(ns)  Location  Pin
Min Period        n/a     URAM288/CLK         n/a            2.000         4.618       2.618                u_fh/u_ladder/askq_reg_uram_0/CLK
Min Period        n/a     URAM288/CLK         n/a            2.000         4.618       2.618                u_fh/u_ladder/bidq_reg_uram_0/CLK
Min Period        n/a     RAMB36E2/CLKARDCLK  n/a            1.569         4.618       3.049                u_fh/u_beat_fifo/mem_reg_0/CLKARDCLK
Min Period        n/a     RAMB36E2/CLKBWRCLK  n/a            1.569         4.618       3.049                u_fh/u_beat_fifo/mem_reg_0/CLKBWRCLK
Min Period        n/a     RAMB36E2/CLKARDCLK  n/a            1.569         4.618       3.049                u_fh/u_beat_fifo/mem_reg_1/CLKARDCLK
Min Period        n/a     RAMB36E2/CLKBWRCLK  n/a            1.569         4.618       3.049                u_fh/u_beat_fifo/mem_reg_1/CLKBWRCLK
Min Period        n/a     RAMB36E2/CLKARDCLK  n/a            1.569         4.618       3.049                u_fh/u_beat_fifo/mem_reg_2/CLKARDCLK
Min Period        n/a     RAMB36E2/CLKBWRCLK  n/a            1.569         4.618       3.049                u_fh/u_beat_fifo/mem_reg_2/CLKBWRCLK
Min Period        n/a     RAMB36E2/CLKARDCLK  n/a            1.569         4.618       3.049                u_fh/u_beat_fifo/mem_reg_3/CLKARDCLK
Min Period        n/a     RAMB36E2/CLKBWRCLK  n/a            1.569         4.618       3.049                u_fh/u_beat_fifo/mem_reg_3/CLKBWRCLK
Low Pulse Width   Slow    URAM288/CLK         n/a            0.700         2.309       1.609                u_fh/u_ladder/askq_reg_uram_0/CLK
Low Pulse Width   Fast    URAM288/CLK         n/a            0.700         2.309       1.609                u_fh/u_ladder/askq_reg_uram_0/CLK
Low Pulse Width   Slow    URAM288/CLK         n/a            0.700         2.309       1.609                u_fh/u_ladder/bidq_reg_uram_0/CLK
Low Pulse Width   Fast    URAM288/CLK         n/a            0.700         2.309       1.609                u_fh/u_ladder/bidq_reg_uram_0/CLK
Low Pulse Width   Slow    RAMB36E2/CLKARDCLK  n/a            0.542         2.309       1.767                u_fh/u_beat_fifo/mem_reg_0/CLKARDCLK
Low Pulse Width   Fast    RAMB36E2/CLKARDCLK  n/a            0.542         2.309       1.767                u_fh/u_beat_fifo/mem_reg_0/CLKARDCLK
Low Pulse Width   Slow    RAMB36E2/CLKBWRCLK  n/a            0.542         2.309       1.767                u_fh/u_beat_fifo/mem_reg_0/CLKBWRCLK
Low Pulse Width   Fast    RAMB36E2/CLKBWRCLK  n/a            0.542         2.309       1.767                u_fh/u_beat_fifo/mem_reg_0/CLKBWRCLK
Low Pulse Width   Slow    RAMB36E2/CLKARDCLK  n/a            0.542         2.309       1.767                u_fh/u_beat_fifo/mem_reg_1/CLKARDCLK
Low Pulse Width   Fast    RAMB36E2/CLKARDCLK  n/a            0.542         2.309       1.767                u_fh/u_beat_fifo/mem_reg_1/CLKARDCLK
High Pulse Width  Slow    URAM288/CLK         n/a            0.700         2.309       1.609                u_fh/u_ladder/askq_reg_uram_0/CLK
High Pulse Width  Fast    URAM288/CLK         n/a            0.700         2.309       1.609                u_fh/u_ladder/askq_reg_uram_0/CLK
High Pulse Width  Slow    URAM288/CLK         n/a            0.700         2.309       1.609                u_fh/u_ladder/bidq_reg_uram_0/CLK
High Pulse Width  Fast    URAM288/CLK         n/a            0.700         2.309       1.609                u_fh/u_ladder/bidq_reg_uram_0/CLK
High Pulse Width  Slow    RAMB36E2/CLKARDCLK  n/a            0.542         2.309       1.767                u_fh/u_beat_fifo/mem_reg_0/CLKARDCLK
High Pulse Width  Fast    RAMB36E2/CLKARDCLK  n/a            0.542         2.309       1.767                u_fh/u_beat_fifo/mem_reg_0/CLKARDCLK
High Pulse Width  Slow    RAMB36E2/CLKBWRCLK  n/a            0.542         2.309       1.767                u_fh/u_beat_fifo/mem_reg_0/CLKBWRCLK
High Pulse Width  Fast    RAMB36E2/CLKBWRCLK  n/a            0.542         2.309       1.767                u_fh/u_beat_fifo/mem_reg_0/CLKBWRCLK
High Pulse Width  Slow    RAMB36E2/CLKARDCLK  n/a            0.542         2.309       1.767                u_fh/u_beat_fifo/mem_reg_1/CLKARDCLK
High Pulse Width  Fast    RAMB36E2/CLKARDCLK  n/a            0.542         2.309       1.767                u_fh/u_beat_fifo/mem_reg_1/CLKARDCLK



